title,author,language,genre,publisher,min_age,price,stock,description
english1,"{'name': 'sky1', 'bio': 'created the author'}",{'name': 'english1'},{'name': 'fiction1'},"{'name': 'skyward1', 'address': 'Bangalore1'}",20,1,10,created for reading
english2,"{'name': 'sky2', 'bio': 'created the author'}",{'name': 'english2'},{'name': 'fiction2'},"{'name': 'skyward2', 'address': 'Bangalore2'}",20,2,20,created for reading
english3,"{'name': 'sky3', 'bio': 'created the author'}",{'name': 'english3'},{'name': 'fiction3'},"{'name': 'skyward3', 'address': 'Bangalore3'}",20,3,30,created for reading
english4,"{'name': 'sky4', 'bio': 'created the author'}",{'name': 'english4'},{'name': 'fiction4'},"{'name': 'skyward4', 'address': 'Bangalore4'}",20,4,40,created for reading
english5,"{'name': 'sky5', 'bio': 'created the author'}",{'name': 'english5'},{'name': 'fiction0'},"{'name': 'skyward5', 'address': 'Bangalore5'}",20,5,50,created for reading
english6,"{'name': 'sky6', 'bio': 'created the author'}",{'name': 'english6'},{'name': 'fiction1'},"{'name': 'skyward6', 'address': 'Bangalore6'}",20,6,60,created for reading
english7,"{'name': 'sky7', 'bio': 'created the author'}",{'name': 'english7'},{'name': 'fiction2'},"{'name': 'skyward7', 'address': 'Bangalore7'}",20,7,70,created for reading
english8,"{'name': 'sky8', 'bio': 'created the author'}",{'name': 'english8'},{'name': 'fiction3'},"{'name': 'skyward8', 'address': 'Bangalore8'}",20,8,80,created for reading
english9,"{'name': 'sky9', 'bio': 'created the author'}",{'name': 'english9'},{'name': 'fiction4'},"{'name': 'skyward9', 'address': 'Bangalore9'}",20,9,90,created for reading
english10,"{'name': 'sky10', 'bio': 'created the author'}",{'name': 'english0'},{'name': 'fiction0'},"{'name': 'skyward10', 'address': 'Bangalore10'}",20,10,100,created for reading
english11,"{'name': 'sky11', 'bio': 'created the author'}",{'name': 'english1'},{'name': 'fiction1'},"{'name': 'skyward11', 'address': 'Bangalore11'}",20,11,110,created for reading
english12,"{'name': 'sky12', 'bio': 'created the author'}",{'name': 'english2'},{'name': 'fiction2'},"{'name': 'skyward12', 'address': 'Bangalore12'}",20,12,120,created for reading
english13,"{'name': 'sky13', 'bio': 'created the author'}",{'name': 'english3'},{'name': 'fiction3'},"{'name': 'skyward13', 'address': 'Bangalore13'}",20,13,130,created for reading
english14,"{'name': 'sky14', 'bio': 'created the author'}",{'name': 'english4'},{'name': 'fiction4'},"{'name': 'skyward14', 'address': 'Bangalore14'}",20,14,140,created for reading
english15,"{'name': 'sky15', 'bio': 'created the author'}",{'name': 'english5'},{'name': 'fiction0'},"{'name': 'skyward15', 'address': 'Bangalore15'}",20,15,150,created for reading
english16,"{'name': 'sky16', 'bio': 'created the author'}",{'name': 'english6'},{'name': 'fiction1'},"{'name': 'skyward16', 'address': 'Bangalore16'}",20,16,160,created for reading
english17,"{'name': 'sky17', 'bio': 'created the author'}",{'name': 'english7'},{'name': 'fiction2'},"{'name': 'skyward17', 'address': 'Bangalore17'}",20,17,170,created for reading
english18,"{'name': 'sky18', 'bio': 'created the author'}",{'name': 'english8'},{'name': 'fiction3'},"{'name': 'skyward18', 'address': 'Bangalore18'}",20,18,180,created for reading
english19,"{'name': 'sky19', 'bio': 'created the author'}",{'name': 'english9'},{'name': 'fiction4'},"{'name': 'skyward19', 'address': 'Bangalore19'}",20,19,190,created for reading
english20,"{'name': 'sky20', 'bio': 'created the author'}",{'name': 'english0'},{'name': 'fiction0'},"{'name': 'skyward20', 'address': 'Bangalore20'}",20,20,200,created for reading
english21,"{'name': 'sky21', 'bio': 'created the author'}",{'name': 'english1'},{'name': 'fiction1'},"{'name': 'skyward21', 'address': 'Bangalore21'}",20,21,210,created for reading
english22,"{'name': 'sky22', 'bio': 'created the author'}",{'name': 'english2'},{'name': 'fiction2'},"{'name': 'skyward22', 'address': 'Bangalore22'}",20,22,220,created for reading
english23,"{'name': 'sky23', 'bio': 'created the author'}",{'name': 'english3'},{'name': 'fiction3'},"{'name': 'skyward23', 'address': 'Bangalore23'}",20,23,230,created for reading
english24,"{'name': 'sky24', 'bio': 'created the author'}",{'name': 'english4'},{'name': 'fiction4'},"{'name': 'skyward24', 'address': 'Bangalore24'}",20,24,240,created for reading
english25,"{'name': 'sky25', 'bio': 'created the author'}",{'name': 'english5'},{'name': 'fiction0'},"{'name': 'skyward25', 'address': 'Bangalore25'}",20,25,250,created for reading
english26,"{'name': 'sky26', 'bio': 'created the author'}",{'name': 'english6'},{'name': 'fiction1'},"{'name': 'skyward26', 'address': 'Bangalore26'}",20,26,260,created for reading
english27,"{'name': 'sky27', 'bio': 'created the author'}",{'name': 'english7'},{'name': 'fiction2'},"{'name': 'skyward27', 'address': 'Bangalore27'}",20,27,270,created for reading
english28,"{'name': 'sky28', 'bio': 'created the author'}",{'name': 'english8'},{'name': 'fiction3'},"{'name': 'skyward28', 'address': 'Bangalore28'}",20,28,280,created for reading
english29,"{'name': 'sky29', 'bio': 'created the author'}",{'name': 'english9'},{'name': 'fiction4'},"{'name': 'skyward29', 'address': 'Bangalore29'}",20,29,290,created for reading
english30,"{'name': 'sky30', 'bio': 'created the author'}",{'name': 'english0'},{'name': 'fiction0'},"{'name': 'skyward30', 'address': 'Bangalore30'}",20,30,300,created for reading
english31,"{'name': 'sky31', 'bio': 'created the author'}",{'name': 'english1'},{'name': 'fiction1'},"{'name': 'skyward31', 'address': 'Bangalore31'}",20,31,310,created for reading
english32,"{'name': 'sky32', 'bio': 'created the author'}",{'name': 'english2'},{'name': 'fiction2'},"{'name': 'skyward32', 'address': 'Bangalore32'}",20,32,320,created for reading
english33,"{'name': 'sky33', 'bio': 'created the author'}",{'name': 'english3'},{'name': 'fiction3'},"{'name': 'skyward33', 'address': 'Bangalore33'}",20,33,330,created for reading
english34,"{'name': 'sky34', 'bio': 'created the author'}",{'name': 'english4'},{'name': 'fiction4'},"{'name': 'skyward34', 'address': 'Bangalore34'}",20,34,340,created for reading
english35,"{'name': 'sky35', 'bio': 'created the author'}",{'name': 'english5'},{'name': 'fiction0'},"{'name': 'skyward35', 'address': 'Bangalore35'}",20,35,350,created for reading
english36,"{'name': 'sky36', 'bio': 'created the author'}",{'name': 'english6'},{'name': 'fiction1'},"{'name': 'skyward36', 'address': 'Bangalore36'}",20,36,360,created for reading
english37,"{'name': 'sky37', 'bio': 'created the author'}",{'name': 'english7'},{'name': 'fiction2'},"{'name': 'skyward37', 'address': 'Bangalore37'}",20,37,370,created for reading
english38,"{'name': 'sky38', 'bio': 'created the author'}",{'name': 'english8'},{'name': 'fiction3'},"{'name': 'skyward38', 'address': 'Bangalore38'}",20,38,380,created for reading
english39,"{'name': 'sky39', 'bio': 'created the author'}",{'name': 'english9'},{'name': 'fiction4'},"{'name': 'skyward39', 'address': 'Bangalore39'}",20,39,390,created for reading
english40,"{'name': 'sky40', 'bio': 'created the author'}",{'name': 'english0'},{'name': 'fiction0'},"{'name': 'skyward40', 'address': 'Bangalore40'}",20,40,400,created for reading
english41,"{'name': 'sky41', 'bio': 'created the author'}",{'name': 'english1'},{'name': 'fiction1'},"{'name': 'skyward41', 'address': 'Bangalore41'}",20,41,410,created for reading
english42,"{'name': 'sky42', 'bio': 'created the author'}",{'name': 'english2'},{'name': 'fiction2'},"{'name': 'skyward42', 'address': 'Bangalore42'}",20,42,420,created for reading
english43,"{'name': 'sky43', 'bio': 'created the author'}",{'name': 'english3'},{'name': 'fiction3'},"{'name': 'skyward43', 'address': 'Bangalore43'}",20,43,430,created for reading
english44,"{'name': 'sky44', 'bio': 'created the author'}",{'name': 'english4'},{'name': 'fiction4'},"{'name': 'skyward44', 'address': 'Bangalore44'}",20,44,440,created for reading
english45,"{'name': 'sky45', 'bio': 'created the author'}",{'name': 'english5'},{'name': 'fiction0'},"{'name': 'skyward45', 'address': 'Bangalore45'}",20,45,450,created for reading
english46,"{'name': 'sky46', 'bio': 'created the author'}",{'name': 'english6'},{'name': 'fiction1'},"{'name': 'skyward46', 'address': 'Bangalore46'}",20,46,460,created for reading
english47,"{'name': 'sky47', 'bio': 'created the author'}",{'name': 'english7'},{'name': 'fiction2'},"{'name': 'skyward47', 'address': 'Bangalore47'}",20,47,470,created for reading
english48,"{'name': 'sky48', 'bio': 'created the author'}",{'name': 'english8'},{'name': 'fiction3'},"{'name': 'skyward48', 'address': 'Bangalore48'}",20,48,480,created for reading
english49,"{'name': 'sky49', 'bio': 'created the author'}",{'name': 'english9'},{'name': 'fiction4'},"{'name': 'skyward49', 'address': 'Bangalore49'}",20,49,490,created for reading
english50,"{'name': 'sky50', 'bio': 'created the author'}",{'name': 'english0'},{'name': 'fiction0'},"{'name': 'skyward50', 'address': 'Bangalore50'}",20,50,500,created for reading
english51,"{'name': 'sky51', 'bio': 'created the author'}",{'name': 'english1'},{'name': 'fiction1'},"{'name': 'skyward51', 'address': 'Bangalore51'}",20,51,510,created for reading
english52,"{'name': 'sky52', 'bio': 'created the author'}",{'name': 'english2'},{'name': 'fiction2'},"{'name': 'skyward52', 'address': 'Bangalore52'}",20,52,520,created for reading
english53,"{'name': 'sky53', 'bio': 'created the author'}",{'name': 'english3'},{'name': 'fiction3'},"{'name': 'skyward53', 'address': 'Bangalore53'}",20,53,530,created for reading
english54,"{'name': 'sky54', 'bio': 'created the author'}",{'name': 'english4'},{'name': 'fiction4'},"{'name': 'skyward54', 'address': 'Bangalore54'}",20,54,540,created for reading
english55,"{'name': 'sky55', 'bio': 'created the author'}",{'name': 'english5'},{'name': 'fiction0'},"{'name': 'skyward55', 'address': 'Bangalore55'}",20,55,550,created for reading
english56,"{'name': 'sky56', 'bio': 'created the author'}",{'name': 'english6'},{'name': 'fiction1'},"{'name': 'skyward56', 'address': 'Bangalore56'}",20,56,560,created for reading
english57,"{'name': 'sky57', 'bio': 'created the author'}",{'name': 'english7'},{'name': 'fiction2'},"{'name': 'skyward57', 'address': 'Bangalore57'}",20,57,570,created for reading
english58,"{'name': 'sky58', 'bio': 'created the author'}",{'name': 'english8'},{'name': 'fiction3'},"{'name': 'skyward58', 'address': 'Bangalore58'}",20,58,580,created for reading
english59,"{'name': 'sky59', 'bio': 'created the author'}",{'name': 'english9'},{'name': 'fiction4'},"{'name': 'skyward59', 'address': 'Bangalore59'}",20,59,590,created for reading
english60,"{'name': 'sky60', 'bio': 'created the author'}",{'name': 'english0'},{'name': 'fiction0'},"{'name': 'skyward60', 'address': 'Bangalore60'}",20,60,600,created for reading
english61,"{'name': 'sky61', 'bio': 'created the author'}",{'name': 'english1'},{'name': 'fiction1'},"{'name': 'skyward61', 'address': 'Bangalore61'}",20,61,610,created for reading
english62,"{'name': 'sky62', 'bio': 'created the author'}",{'name': 'english2'},{'name': 'fiction2'},"{'name': 'skyward62', 'address': 'Bangalore62'}",20,62,620,created for reading
english63,"{'name': 'sky63', 'bio': 'created the author'}",{'name': 'english3'},{'name': 'fiction3'},"{'name': 'skyward63', 'address': 'Bangalore63'}",20,63,630,created for reading
english64,"{'name': 'sky64', 'bio': 'created the author'}",{'name': 'english4'},{'name': 'fiction4'},"{'name': 'skyward64', 'address': 'Bangalore64'}",20,64,640,created for reading
english65,"{'name': 'sky65', 'bio': 'created the author'}",{'name': 'english5'},{'name': 'fiction0'},"{'name': 'skyward65', 'address': 'Bangalore65'}",20,65,650,created for reading
english66,"{'name': 'sky66', 'bio': 'created the author'}",{'name': 'english6'},{'name': 'fiction1'},"{'name': 'skyward66', 'address': 'Bangalore66'}",20,66,660,created for reading
english67,"{'name': 'sky67', 'bio': 'created the author'}",{'name': 'english7'},{'name': 'fiction2'},"{'name': 'skyward67', 'address': 'Bangalore67'}",20,67,670,created for reading
english68,"{'name': 'sky68', 'bio': 'created the author'}",{'name': 'english8'},{'name': 'fiction3'},"{'name': 'skyward68', 'address': 'Bangalore68'}",20,68,680,created for reading
english69,"{'name': 'sky69', 'bio': 'created the author'}",{'name': 'english9'},{'name': 'fiction4'},"{'name': 'skyward69', 'address': 'Bangalore69'}",20,69,690,created for reading
english70,"{'name': 'sky70', 'bio': 'created the author'}",{'name': 'english0'},{'name': 'fiction0'},"{'name': 'skyward70', 'address': 'Bangalore70'}",20,70,700,created for reading
english71,"{'name': 'sky71', 'bio': 'created the author'}",{'name': 'english1'},{'name': 'fiction1'},"{'name': 'skyward71', 'address': 'Bangalore71'}",20,71,710,created for reading
english72,"{'name': 'sky72', 'bio': 'created the author'}",{'name': 'english2'},{'name': 'fiction2'},"{'name': 'skyward72', 'address': 'Bangalore72'}",20,72,720,created for reading
english73,"{'name': 'sky73', 'bio': 'created the author'}",{'name': 'english3'},{'name': 'fiction3'},"{'name': 'skyward73', 'address': 'Bangalore73'}",20,73,730,created for reading
english74,"{'name': 'sky74', 'bio': 'created the author'}",{'name': 'english4'},{'name': 'fiction4'},"{'name': 'skyward74', 'address': 'Bangalore74'}",20,74,740,created for reading
english75,"{'name': 'sky75', 'bio': 'created the author'}",{'name': 'english5'},{'name': 'fiction0'},"{'name': 'skyward75', 'address': 'Bangalore75'}",20,75,750,created for reading
english76,"{'name': 'sky76', 'bio': 'created the author'}",{'name': 'english6'},{'name': 'fiction1'},"{'name': 'skyward76', 'address': 'Bangalore76'}",20,76,760,created for reading
english77,"{'name': 'sky77', 'bio': 'created the author'}",{'name': 'english7'},{'name': 'fiction2'},"{'name': 'skyward77', 'address': 'Bangalore77'}",20,77,770,created for reading
english78,"{'name': 'sky78', 'bio': 'created the author'}",{'name': 'english8'},{'name': 'fiction3'},"{'name': 'skyward78', 'address': 'Bangalore78'}",20,78,780,created for reading
english79,"{'name': 'sky79', 'bio': 'created the author'}",{'name': 'english9'},{'name': 'fiction4'},"{'name': 'skyward79', 'address': 'Bangalore79'}",20,79,790,created for reading
english80,"{'name': 'sky80', 'bio': 'created the author'}",{'name': 'english0'},{'name': 'fiction0'},"{'name': 'skyward80', 'address': 'Bangalore80'}",20,80,800,created for reading
english81,"{'name': 'sky81', 'bio': 'created the author'}",{'name': 'english1'},{'name': 'fiction1'},"{'name': 'skyward81', 'address': 'Bangalore81'}",20,81,810,created for reading
english82,"{'name': 'sky82', 'bio': 'created the author'}",{'name': 'english2'},{'name': 'fiction2'},"{'name': 'skyward82', 'address': 'Bangalore82'}",20,82,820,created for reading
english83,"{'name': 'sky83', 'bio': 'created the author'}",{'name': 'english3'},{'name': 'fiction3'},"{'name': 'skyward83', 'address': 'Bangalore83'}",20,83,830,created for reading
english84,"{'name': 'sky84', 'bio': 'created the author'}",{'name': 'english4'},{'name': 'fiction4'},"{'name': 'skyward84', 'address': 'Bangalore84'}",20,84,840,created for reading
english85,"{'name': 'sky85', 'bio': 'created the author'}",{'name': 'english5'},{'name': 'fiction0'},"{'name': 'skyward85', 'address': 'Bangalore85'}",20,85,850,created for reading
english86,"{'name': 'sky86', 'bio': 'created the author'}",{'name': 'english6'},{'name': 'fiction1'},"{'name': 'skyward86', 'address': 'Bangalore86'}",20,86,860,created for reading
english87,"{'name': 'sky87', 'bio': 'created the author'}",{'name': 'english7'},{'name': 'fiction2'},"{'name': 'skyward87', 'address': 'Bangalore87'}",20,87,870,created for reading
english88,"{'name': 'sky88', 'bio': 'created the author'}",{'name': 'english8'},{'name': 'fiction3'},"{'name': 'skyward88', 'address': 'Bangalore88'}",20,88,880,created for reading
english89,"{'name': 'sky89', 'bio': 'created the author'}",{'name': 'english9'},{'name': 'fiction4'},"{'name': 'skyward89', 'address': 'Bangalore89'}",20,89,890,created for reading
english90,"{'name': 'sky90', 'bio': 'created the author'}",{'name': 'english0'},{'name': 'fiction0'},"{'name': 'skyward90', 'address': 'Bangalore90'}",20,90,900,created for reading
english91,"{'name': 'sky91', 'bio': 'created the author'}",{'name': 'english1'},{'name': 'fiction1'},"{'name': 'skyward91', 'address': 'Bangalore91'}",20,91,910,created for reading
english92,"{'name': 'sky92', 'bio': 'created the author'}",{'name': 'english2'},{'name': 'fiction2'},"{'name': 'skyward92', 'address': 'Bangalore92'}",20,92,920,created for reading
english93,"{'name': 'sky93', 'bio': 'created the author'}",{'name': 'english3'},{'name': 'fiction3'},"{'name': 'skyward93', 'address': 'Bangalore93'}",20,93,930,created for reading
english94,"{'name': 'sky94', 'bio': 'created the author'}",{'name': 'english4'},{'name': 'fiction4'},"{'name': 'skyward94', 'address': 'Bangalore94'}",20,94,940,created for reading
english95,"{'name': 'sky95', 'bio': 'created the author'}",{'name': 'english5'},{'name': 'fiction0'},"{'name': 'skyward95', 'address': 'Bangalore95'}",20,95,950,created for reading
english96,"{'name': 'sky96', 'bio': 'created the author'}",{'name': 'english6'},{'name': 'fiction1'},"{'name': 'skyward96', 'address': 'Bangalore96'}",20,96,960,created for reading
english97,"{'name': 'sky97', 'bio': 'created the author'}",{'name': 'english7'},{'name': 'fiction2'},"{'name': 'skyward97', 'address': 'Bangalore97'}",20,97,970,created for reading
english98,"{'name': 'sky98', 'bio': 'created the author'}",{'name': 'english8'},{'name': 'fiction3'},"{'name': 'skyward98', 'address': 'Bangalore98'}",20,98,980,created for reading
english99,"{'name': 'sky99', 'bio': 'created the author'}",{'name': 'english9'},{'name': 'fiction4'},"{'name': 'skyward99', 'address': 'Bangalore99'}",20,99,990,created for reading
english100,"{'name': 'sky100', 'bio': 'created the author'}",{'name': 'english0'},{'name': 'fiction0'},"{'name': 'skyward100', 'address': 'Bangalore100'}",20,100,1000,created for reading
english101,"{'name': 'sky101', 'bio': 'created the author'}",{'name': 'english1'},{'name': 'fiction1'},"{'name': 'skyward101', 'address': 'Bangalore101'}",20,101,1010,created for reading
english102,"{'name': 'sky102', 'bio': 'created the author'}",{'name': 'english2'},{'name': 'fiction2'},"{'name': 'skyward102', 'address': 'Bangalore102'}",20,102,1020,created for reading
english103,"{'name': 'sky103', 'bio': 'created the author'}",{'name': 'english3'},{'name': 'fiction3'},"{'name': 'skyward103', 'address': 'Bangalore103'}",20,103,1030,created for reading
english104,"{'name': 'sky104', 'bio': 'created the author'}",{'name': 'english4'},{'name': 'fiction4'},"{'name': 'skyward104', 'address': 'Bangalore104'}",20,104,1040,created for reading
english105,"{'name': 'sky105', 'bio': 'created the author'}",{'name': 'english5'},{'name': 'fiction0'},"{'name': 'skyward105', 'address': 'Bangalore105'}",20,105,1050,created for reading
english106,"{'name': 'sky106', 'bio': 'created the author'}",{'name': 'english6'},{'name': 'fiction1'},"{'name': 'skyward106', 'address': 'Bangalore106'}",20,106,1060,created for reading
english107,"{'name': 'sky107', 'bio': 'created the author'}",{'name': 'english7'},{'name': 'fiction2'},"{'name': 'skyward107', 'address': 'Bangalore107'}",20,107,1070,created for reading
english108,"{'name': 'sky108', 'bio': 'created the author'}",{'name': 'english8'},{'name': 'fiction3'},"{'name': 'skyward108', 'address': 'Bangalore108'}",20,108,1080,created for reading
english109,"{'name': 'sky109', 'bio': 'created the author'}",{'name': 'english9'},{'name': 'fiction4'},"{'name': 'skyward109', 'address': 'Bangalore109'}",20,109,1090,created for reading
english110,"{'name': 'sky110', 'bio': 'created the author'}",{'name': 'english0'},{'name': 'fiction0'},"{'name': 'skyward110', 'address': 'Bangalore110'}",20,110,1100,created for reading
english111,"{'name': 'sky111', 'bio': 'created the author'}",{'name': 'english1'},{'name': 'fiction1'},"{'name': 'skyward111', 'address': 'Bangalore111'}",20,111,1110,created for reading
english112,"{'name': 'sky112', 'bio': 'created the author'}",{'name': 'english2'},{'name': 'fiction2'},"{'name': 'skyward112', 'address': 'Bangalore112'}",20,112,1120,created for reading
english113,"{'name': 'sky113', 'bio': 'created the author'}",{'name': 'english3'},{'name': 'fiction3'},"{'name': 'skyward113', 'address': 'Bangalore113'}",20,113,1130,created for reading
english114,"{'name': 'sky114', 'bio': 'created the author'}",{'name': 'english4'},{'name': 'fiction4'},"{'name': 'skyward114', 'address': 'Bangalore114'}",20,114,1140,created for reading
english115,"{'name': 'sky115', 'bio': 'created the author'}",{'name': 'english5'},{'name': 'fiction0'},"{'name': 'skyward115', 'address': 'Bangalore115'}",20,115,1150,created for reading
english116,"{'name': 'sky116', 'bio': 'created the author'}",{'name': 'english6'},{'name': 'fiction1'},"{'name': 'skyward116', 'address': 'Bangalore116'}",20,116,1160,created for reading
english117,"{'name': 'sky117', 'bio': 'created the author'}",{'name': 'english7'},{'name': 'fiction2'},"{'name': 'skyward117', 'address': 'Bangalore117'}",20,117,1170,created for reading
english118,"{'name': 'sky118', 'bio': 'created the author'}",{'name': 'english8'},{'name': 'fiction3'},"{'name': 'skyward118', 'address': 'Bangalore118'}",20,118,1180,created for reading
english119,"{'name': 'sky119', 'bio': 'created the author'}",{'name': 'english9'},{'name': 'fiction4'},"{'name': 'skyward119', 'address': 'Bangalore119'}",20,119,1190,created for reading
english120,"{'name': 'sky120', 'bio': 'created the author'}",{'name': 'english0'},{'name': 'fiction0'},"{'name': 'skyward120', 'address': 'Bangalore120'}",20,120,1200,created for reading
english121,"{'name': 'sky121', 'bio': 'created the author'}",{'name': 'english1'},{'name': 'fiction1'},"{'name': 'skyward121', 'address': 'Bangalore121'}",20,121,1210,created for reading
english122,"{'name': 'sky122', 'bio': 'created the author'}",{'name': 'english2'},{'name': 'fiction2'},"{'name': 'skyward122', 'address': 'Bangalore122'}",20,122,1220,created for reading
english123,"{'name': 'sky123', 'bio': 'created the author'}",{'name': 'english3'},{'name': 'fiction3'},"{'name': 'skyward123', 'address': 'Bangalore123'}",20,123,1230,created for reading
english124,"{'name': 'sky124', 'bio': 'created the author'}",{'name': 'english4'},{'name': 'fiction4'},"{'name': 'skyward124', 'address': 'Bangalore124'}",20,124,1240,created for reading
english125,"{'name': 'sky125', 'bio': 'created the author'}",{'name': 'english5'},{'name': 'fiction0'},"{'name': 'skyward125', 'address': 'Bangalore125'}",20,125,1250,created for reading
english126,"{'name': 'sky126', 'bio': 'created the author'}",{'name': 'english6'},{'name': 'fiction1'},"{'name': 'skyward126', 'address': 'Bangalore126'}",20,126,1260,created for reading
english127,"{'name': 'sky127', 'bio': 'created the author'}",{'name': 'english7'},{'name': 'fiction2'},"{'name': 'skyward127', 'address': 'Bangalore127'}",20,127,1270,created for reading
english128,"{'name': 'sky128', 'bio': 'created the author'}",{'name': 'english8'},{'name': 'fiction3'},"{'name': 'skyward128', 'address': 'Bangalore128'}",20,128,1280,created for reading
english129,"{'name': 'sky129', 'bio': 'created the author'}",{'name': 'english9'},{'name': 'fiction4'},"{'name': 'skyward129', 'address': 'Bangalore129'}",20,129,1290,created for reading
english130,"{'name': 'sky130', 'bio': 'created the author'}",{'name': 'english0'},{'name': 'fiction0'},"{'name': 'skyward130', 'address': 'Bangalore130'}",20,130,1300,created for reading
english131,"{'name': 'sky131', 'bio': 'created the author'}",{'name': 'english1'},{'name': 'fiction1'},"{'name': 'skyward131', 'address': 'Bangalore131'}",20,131,1310,created for reading
english132,"{'name': 'sky132', 'bio': 'created the author'}",{'name': 'english2'},{'name': 'fiction2'},"{'name': 'skyward132', 'address': 'Bangalore132'}",20,132,1320,created for reading
english133,"{'name': 'sky133', 'bio': 'created the author'}",{'name': 'english3'},{'name': 'fiction3'},"{'name': 'skyward133', 'address': 'Bangalore133'}",20,133,1330,created for reading
english134,"{'name': 'sky134', 'bio': 'created the author'}",{'name': 'english4'},{'name': 'fiction4'},"{'name': 'skyward134', 'address': 'Bangalore134'}",20,134,1340,created for reading
english135,"{'name': 'sky135', 'bio': 'created the author'}",{'name': 'english5'},{'name': 'fiction0'},"{'name': 'skyward135', 'address': 'Bangalore135'}",20,135,1350,created for reading
english136,"{'name': 'sky136', 'bio': 'created the author'}",{'name': 'english6'},{'name': 'fiction1'},"{'name': 'skyward136', 'address': 'Bangalore136'}",20,136,1360,created for reading
english137,"{'name': 'sky137', 'bio': 'created the author'}",{'name': 'english7'},{'name': 'fiction2'},"{'name': 'skyward137', 'address': 'Bangalore137'}",20,137,1370,created for reading
english138,"{'name': 'sky138', 'bio': 'created the author'}",{'name': 'english8'},{'name': 'fiction3'},"{'name': 'skyward138', 'address': 'Bangalore138'}",20,138,1380,created for reading
english139,"{'name': 'sky139', 'bio': 'created the author'}",{'name': 'english9'},{'name': 'fiction4'},"{'name': 'skyward139', 'address': 'Bangalore139'}",20,139,1390,created for reading
english140,"{'name': 'sky140', 'bio': 'created the author'}",{'name': 'english0'},{'name': 'fiction0'},"{'name': 'skyward140', 'address': 'Bangalore140'}",20,140,1400,created for reading
english141,"{'name': 'sky141', 'bio': 'created the author'}",{'name': 'english1'},{'name': 'fiction1'},"{'name': 'skyward141', 'address': 'Bangalore141'}",20,141,1410,created for reading
english142,"{'name': 'sky142', 'bio': 'created the author'}",{'name': 'english2'},{'name': 'fiction2'},"{'name': 'skyward142', 'address': 'Bangalore142'}",20,142,1420,created for reading
english143,"{'name': 'sky143', 'bio': 'created the author'}",{'name': 'english3'},{'name': 'fiction3'},"{'name': 'skyward143', 'address': 'Bangalore143'}",20,143,1430,created for reading
english144,"{'name': 'sky144', 'bio': 'created the author'}",{'name': 'english4'},{'name': 'fiction4'},"{'name': 'skyward144', 'address': 'Bangalore144'}",20,144,1440,created for reading
english145,"{'name': 'sky145', 'bio': 'created the author'}",{'name': 'english5'},{'name': 'fiction0'},"{'name': 'skyward145', 'address': 'Bangalore145'}",20,145,1450,created for reading
english146,"{'name': 'sky146', 'bio': 'created the author'}",{'name': 'english6'},{'name': 'fiction1'},"{'name': 'skyward146', 'address': 'Bangalore146'}",20,146,1460,created for reading
english147,"{'name': 'sky147', 'bio': 'created the author'}",{'name': 'english7'},{'name': 'fiction2'},"{'name': 'skyward147', 'address': 'Bangalore147'}",20,147,1470,created for reading
english148,"{'name': 'sky148', 'bio': 'created the author'}",{'name': 'english8'},{'name': 'fiction3'},"{'name': 'skyward148', 'address': 'Bangalore148'}",20,148,1480,created for reading
english149,"{'name': 'sky149', 'bio': 'created the author'}",{'name': 'english9'},{'name': 'fiction4'},"{'name': 'skyward149', 'address': 'Bangalore149'}",20,149,1490,created for reading
english150,"{'name': 'sky150', 'bio': 'created the author'}",{'name': 'english0'},{'name': 'fiction0'},"{'name': 'skyward150', 'address': 'Bangalore150'}",20,150,1500,created for reading
english151,"{'name': 'sky151', 'bio': 'created the author'}",{'name': 'english1'},{'name': 'fiction1'},"{'name': 'skyward151', 'address': 'Bangalore151'}",20,151,1510,created for reading
english152,"{'name': 'sky152', 'bio': 'created the author'}",{'name': 'english2'},{'name': 'fiction2'},"{'name': 'skyward152', 'address': 'Bangalore152'}",20,152,1520,created for reading
english153,"{'name': 'sky153', 'bio': 'created the author'}",{'name': 'english3'},{'name': 'fiction3'},"{'name': 'skyward153', 'address': 'Bangalore153'}",20,153,1530,created for reading
english154,"{'name': 'sky154', 'bio': 'created the author'}",{'name': 'english4'},{'name': 'fiction4'},"{'name': 'skyward154', 'address': 'Bangalore154'}",20,154,1540,created for reading
english155,"{'name': 'sky155', 'bio': 'created the author'}",{'name': 'english5'},{'name': 'fiction0'},"{'name': 'skyward155', 'address': 'Bangalore155'}",20,155,1550,created for reading
english156,"{'name': 'sky156', 'bio': 'created the author'}",{'name': 'english6'},{'name': 'fiction1'},"{'name': 'skyward156', 'address': 'Bangalore156'}",20,156,1560,created for reading
english157,"{'name': 'sky157', 'bio': 'created the author'}",{'name': 'english7'},{'name': 'fiction2'},"{'name': 'skyward157', 'address': 'Bangalore157'}",20,157,1570,created for reading
english158,"{'name': 'sky158', 'bio': 'created the author'}",{'name': 'english8'},{'name': 'fiction3'},"{'name': 'skyward158', 'address': 'Bangalore158'}",20,158,1580,created for reading
english159,"{'name': 'sky159', 'bio': 'created the author'}",{'name': 'english9'},{'name': 'fiction4'},"{'name': 'skyward159', 'address': 'Bangalore159'}",20,159,1590,created for reading
english160,"{'name': 'sky160', 'bio': 'created the author'}",{'name': 'english0'},{'name': 'fiction0'},"{'name': 'skyward160', 'address': 'Bangalore160'}",20,160,1600,created for reading
english161,"{'name': 'sky161', 'bio': 'created the author'}",{'name': 'english1'},{'name': 'fiction1'},"{'name': 'skyward161', 'address': 'Bangalore161'}",20,161,1610,created for reading
english162,"{'name': 'sky162', 'bio': 'created the author'}",{'name': 'english2'},{'name': 'fiction2'},"{'name': 'skyward162', 'address': 'Bangalore162'}",20,162,1620,created for reading
english163,"{'name': 'sky163', 'bio': 'created the author'}",{'name': 'english3'},{'name': 'fiction3'},"{'name': 'skyward163', 'address': 'Bangalore163'}",20,163,1630,created for reading
english164,"{'name': 'sky164', 'bio': 'created the author'}",{'name': 'english4'},{'name': 'fiction4'},"{'name': 'skyward164', 'address': 'Bangalore164'}",20,164,1640,created for reading
english165,"{'name': 'sky165', 'bio': 'created the author'}",{'name': 'english5'},{'name': 'fiction0'},"{'name': 'skyward165', 'address': 'Bangalore165'}",20,165,1650,created for reading
english166,"{'name': 'sky166', 'bio': 'created the author'}",{'name': 'english6'},{'name': 'fiction1'},"{'name': 'skyward166', 'address': 'Bangalore166'}",20,166,1660,created for reading
english167,"{'name': 'sky167', 'bio': 'created the author'}",{'name': 'english7'},{'name': 'fiction2'},"{'name': 'skyward167', 'address': 'Bangalore167'}",20,167,1670,created for reading
english168,"{'name': 'sky168', 'bio': 'created the author'}",{'name': 'english8'},{'name': 'fiction3'},"{'name': 'skyward168', 'address': 'Bangalore168'}",20,168,1680,created for reading
english169,"{'name': 'sky169', 'bio': 'created the author'}",{'name': 'english9'},{'name': 'fiction4'},"{'name': 'skyward169', 'address': 'Bangalore169'}",20,169,1690,created for reading
english170,"{'name': 'sky170', 'bio': 'created the author'}",{'name': 'english0'},{'name': 'fiction0'},"{'name': 'skyward170', 'address': 'Bangalore170'}",20,170,1700,created for reading
english171,"{'name': 'sky171', 'bio': 'created the author'}",{'name': 'english1'},{'name': 'fiction1'},"{'name': 'skyward171', 'address': 'Bangalore171'}",20,171,1710,created for reading
english172,"{'name': 'sky172', 'bio': 'created the author'}",{'name': 'english2'},{'name': 'fiction2'},"{'name': 'skyward172', 'address': 'Bangalore172'}",20,172,1720,created for reading
english173,"{'name': 'sky173', 'bio': 'created the author'}",{'name': 'english3'},{'name': 'fiction3'},"{'name': 'skyward173', 'address': 'Bangalore173'}",20,173,1730,created for reading
english174,"{'name': 'sky174', 'bio': 'created the author'}",{'name': 'english4'},{'name': 'fiction4'},"{'name': 'skyward174', 'address': 'Bangalore174'}",20,174,1740,created for reading
english175,"{'name': 'sky175', 'bio': 'created the author'}",{'name': 'english5'},{'name': 'fiction0'},"{'name': 'skyward175', 'address': 'Bangalore175'}",20,175,1750,created for reading
english176,"{'name': 'sky176', 'bio': 'created the author'}",{'name': 'english6'},{'name': 'fiction1'},"{'name': 'skyward176', 'address': 'Bangalore176'}",20,176,1760,created for reading
english177,"{'name': 'sky177', 'bio': 'created the author'}",{'name': 'english7'},{'name': 'fiction2'},"{'name': 'skyward177', 'address': 'Bangalore177'}",20,177,1770,created for reading
english178,"{'name': 'sky178', 'bio': 'created the author'}",{'name': 'english8'},{'name': 'fiction3'},"{'name': 'skyward178', 'address': 'Bangalore178'}",20,178,1780,created for reading
english179,"{'name': 'sky179', 'bio': 'created the author'}",{'name': 'english9'},{'name': 'fiction4'},"{'name': 'skyward179', 'address': 'Bangalore179'}",20,179,1790,created for reading
english180,"{'name': 'sky180', 'bio': 'created the author'}",{'name': 'english0'},{'name': 'fiction0'},"{'name': 'skyward180', 'address': 'Bangalore180'}",20,180,1800,created for reading
english181,"{'name': 'sky181', 'bio': 'created the author'}",{'name': 'english1'},{'name': 'fiction1'},"{'name': 'skyward181', 'address': 'Bangalore181'}",20,181,1810,created for reading
english182,"{'name': 'sky182', 'bio': 'created the author'}",{'name': 'english2'},{'name': 'fiction2'},"{'name': 'skyward182', 'address': 'Bangalore182'}",20,182,1820,created for reading
english183,"{'name': 'sky183', 'bio': 'created the author'}",{'name': 'english3'},{'name': 'fiction3'},"{'name': 'skyward183', 'address': 'Bangalore183'}",20,183,1830,created for reading
english184,"{'name': 'sky184', 'bio': 'created the author'}",{'name': 'english4'},{'name': 'fiction4'},"{'name': 'skyward184', 'address': 'Bangalore184'}",20,184,1840,created for reading
english185,"{'name': 'sky185', 'bio': 'created the author'}",{'name': 'english5'},{'name': 'fiction0'},"{'name': 'skyward185', 'address': 'Bangalore185'}",20,185,1850,created for reading
english186,"{'name': 'sky186', 'bio': 'created the author'}",{'name': 'english6'},{'name': 'fiction1'},"{'name': 'skyward186', 'address': 'Bangalore186'}",20,186,1860,created for reading
english187,"{'name': 'sky187', 'bio': 'created the author'}",{'name': 'english7'},{'name': 'fiction2'},"{'name': 'skyward187', 'address': 'Bangalore187'}",20,187,1870,created for reading
english188,"{'name': 'sky188', 'bio': 'created the author'}",{'name': 'english8'},{'name': 'fiction3'},"{'name': 'skyward188', 'address': 'Bangalore188'}",20,188,1880,created for reading
english189,"{'name': 'sky189', 'bio': 'created the author'}",{'name': 'english9'},{'name': 'fiction4'},"{'name': 'skyward189', 'address': 'Bangalore189'}",20,189,1890,created for reading
english190,"{'name': 'sky190', 'bio': 'created the author'}",{'name': 'english0'},{'name': 'fiction0'},"{'name': 'skyward190', 'address': 'Bangalore190'}",20,190,1900,created for reading
english191,"{'name': 'sky191', 'bio': 'created the author'}",{'name': 'english1'},{'name': 'fiction1'},"{'name': 'skyward191', 'address': 'Bangalore191'}",20,191,1910,created for reading
english192,"{'name': 'sky192', 'bio': 'created the author'}",{'name': 'english2'},{'name': 'fiction2'},"{'name': 'skyward192', 'address': 'Bangalore192'}",20,192,1920,created for reading
english193,"{'name': 'sky193', 'bio': 'created the author'}",{'name': 'english3'},{'name': 'fiction3'},"{'name': 'skyward193', 'address': 'Bangalore193'}",20,193,1930,created for reading
english194,"{'name': 'sky194', 'bio': 'created the author'}",{'name': 'english4'},{'name': 'fiction4'},"{'name': 'skyward194', 'address': 'Bangalore194'}",20,194,1940,created for reading
english195,"{'name': 'sky195', 'bio': 'created the author'}",{'name': 'english5'},{'name': 'fiction0'},"{'name': 'skyward195', 'address': 'Bangalore195'}",20,195,1950,created for reading
english196,"{'name': 'sky196', 'bio': 'created the author'}",{'name': 'english6'},{'name': 'fiction1'},"{'name': 'skyward196', 'address': 'Bangalore196'}",20,196,1960,created for reading
english197,"{'name': 'sky197', 'bio': 'created the author'}",{'name': 'english7'},{'name': 'fiction2'},"{'name': 'skyward197', 'address': 'Bangalore197'}",20,197,1970,created for reading
english198,"{'name': 'sky198', 'bio': 'created the author'}",{'name': 'english8'},{'name': 'fiction3'},"{'name': 'skyward198', 'address': 'Bangalore198'}",20,198,1980,created for reading
english199,"{'name': 'sky199', 'bio': 'created the author'}",{'name': 'english9'},{'name': 'fiction4'},"{'name': 'skyward199', 'address': 'Bangalore199'}",20,199,1990,created for reading
english200,"{'name': 'sky200', 'bio': 'created the author'}",{'name': 'english0'},{'name': 'fiction0'},"{'name': 'skyward200', 'address': 'Bangalore200'}",20,200,2000,created for reading
english201,"{'name': 'sky201', 'bio': 'created the author'}",{'name': 'english1'},{'name': 'fiction1'},"{'name': 'skyward201', 'address': 'Bangalore201'}",20,201,2010,created for reading
english202,"{'name': 'sky202', 'bio': 'created the author'}",{'name': 'english2'},{'name': 'fiction2'},"{'name': 'skyward202', 'address': 'Bangalore202'}",20,202,2020,created for reading
english203,"{'name': 'sky203', 'bio': 'created the author'}",{'name': 'english3'},{'name': 'fiction3'},"{'name': 'skyward203', 'address': 'Bangalore203'}",20,203,2030,created for reading
english204,"{'name': 'sky204', 'bio': 'created the author'}",{'name': 'english4'},{'name': 'fiction4'},"{'name': 'skyward204', 'address': 'Bangalore204'}",20,204,2040,created for reading
english205,"{'name': 'sky205', 'bio': 'created the author'}",{'name': 'english5'},{'name': 'fiction0'},"{'name': 'skyward205', 'address': 'Bangalore205'}",20,205,2050,created for reading
english206,"{'name': 'sky206', 'bio': 'created the author'}",{'name': 'english6'},{'name': 'fiction1'},"{'name': 'skyward206', 'address': 'Bangalore206'}",20,206,2060,created for reading
english207,"{'name': 'sky207', 'bio': 'created the author'}",{'name': 'english7'},{'name': 'fiction2'},"{'name': 'skyward207', 'address': 'Bangalore207'}",20,207,2070,created for reading
english208,"{'name': 'sky208', 'bio': 'created the author'}",{'name': 'english8'},{'name': 'fiction3'},"{'name': 'skyward208', 'address': 'Bangalore208'}",20,208,2080,created for reading
english209,"{'name': 'sky209', 'bio': 'created the author'}",{'name': 'english9'},{'name': 'fiction4'},"{'name': 'skyward209', 'address': 'Bangalore209'}",20,209,2090,created for reading
english210,"{'name': 'sky210', 'bio': 'created the author'}",{'name': 'english0'},{'name': 'fiction0'},"{'name': 'skyward210', 'address': 'Bangalore210'}",20,210,2100,created for reading
english211,"{'name': 'sky211', 'bio': 'created the author'}",{'name': 'english1'},{'name': 'fiction1'},"{'name': 'skyward211', 'address': 'Bangalore211'}",20,211,2110,created for reading
english212,"{'name': 'sky212', 'bio': 'created the author'}",{'name': 'english2'},{'name': 'fiction2'},"{'name': 'skyward212', 'address': 'Bangalore212'}",20,212,2120,created for reading
english213,"{'name': 'sky213', 'bio': 'created the author'}",{'name': 'english3'},{'name': 'fiction3'},"{'name': 'skyward213', 'address': 'Bangalore213'}",20,213,2130,created for reading
english214,"{'name': 'sky214', 'bio': 'created the author'}",{'name': 'english4'},{'name': 'fiction4'},"{'name': 'skyward214', 'address': 'Bangalore214'}",20,214,2140,created for reading
english215,"{'name': 'sky215', 'bio': 'created the author'}",{'name': 'english5'},{'name': 'fiction0'},"{'name': 'skyward215', 'address': 'Bangalore215'}",20,215,2150,created for reading
english216,"{'name': 'sky216', 'bio': 'created the author'}",{'name': 'english6'},{'name': 'fiction1'},"{'name': 'skyward216', 'address': 'Bangalore216'}",20,216,2160,created for reading
english217,"{'name': 'sky217', 'bio': 'created the author'}",{'name': 'english7'},{'name': 'fiction2'},"{'name': 'skyward217', 'address': 'Bangalore217'}",20,217,2170,created for reading
english218,"{'name': 'sky218', 'bio': 'created the author'}",{'name': 'english8'},{'name': 'fiction3'},"{'name': 'skyward218', 'address': 'Bangalore218'}",20,218,2180,created for reading
english219,"{'name': 'sky219', 'bio': 'created the author'}",{'name': 'english9'},{'name': 'fiction4'},"{'name': 'skyward219', 'address': 'Bangalore219'}",20,219,2190,created for reading
english220,"{'name': 'sky220', 'bio': 'created the author'}",{'name': 'english0'},{'name': 'fiction0'},"{'name': 'skyward220', 'address': 'Bangalore220'}",20,220,2200,created for reading
english221,"{'name': 'sky221', 'bio': 'created the author'}",{'name': 'english1'},{'name': 'fiction1'},"{'name': 'skyward221', 'address': 'Bangalore221'}",20,221,2210,created for reading
english222,"{'name': 'sky222', 'bio': 'created the author'}",{'name': 'english2'},{'name': 'fiction2'},"{'name': 'skyward222', 'address': 'Bangalore222'}",20,222,2220,created for reading
english223,"{'name': 'sky223', 'bio': 'created the author'}",{'name': 'english3'},{'name': 'fiction3'},"{'name': 'skyward223', 'address': 'Bangalore223'}",20,223,2230,created for reading
english224,"{'name': 'sky224', 'bio': 'created the author'}",{'name': 'english4'},{'name': 'fiction4'},"{'name': 'skyward224', 'address': 'Bangalore224'}",20,224,2240,created for reading
english225,"{'name': 'sky225', 'bio': 'created the author'}",{'name': 'english5'},{'name': 'fiction0'},"{'name': 'skyward225', 'address': 'Bangalore225'}",20,225,2250,created for reading
english226,"{'name': 'sky226', 'bio': 'created the author'}",{'name': 'english6'},{'name': 'fiction1'},"{'name': 'skyward226', 'address': 'Bangalore226'}",20,226,2260,created for reading
english227,"{'name': 'sky227', 'bio': 'created the author'}",{'name': 'english7'},{'name': 'fiction2'},"{'name': 'skyward227', 'address': 'Bangalore227'}",20,227,2270,created for reading
english228,"{'name': 'sky228', 'bio': 'created the author'}",{'name': 'english8'},{'name': 'fiction3'},"{'name': 'skyward228', 'address': 'Bangalore228'}",20,228,2280,created for reading
english229,"{'name': 'sky229', 'bio': 'created the author'}",{'name': 'english9'},{'name': 'fiction4'},"{'name': 'skyward229', 'address': 'Bangalore229'}",20,229,2290,created for reading
english230,"{'name': 'sky230', 'bio': 'created the author'}",{'name': 'english0'},{'name': 'fiction0'},"{'name': 'skyward230', 'address': 'Bangalore230'}",20,230,2300,created for reading
english231,"{'name': 'sky231', 'bio': 'created the author'}",{'name': 'english1'},{'name': 'fiction1'},"{'name': 'skyward231', 'address': 'Bangalore231'}",20,231,2310,created for reading
english232,"{'name': 'sky232', 'bio': 'created the author'}",{'name': 'english2'},{'name': 'fiction2'},"{'name': 'skyward232', 'address': 'Bangalore232'}",20,232,2320,created for reading
english233,"{'name': 'sky233', 'bio': 'created the author'}",{'name': 'english3'},{'name': 'fiction3'},"{'name': 'skyward233', 'address': 'Bangalore233'}",20,233,2330,created for reading
english234,"{'name': 'sky234', 'bio': 'created the author'}",{'name': 'english4'},{'name': 'fiction4'},"{'name': 'skyward234', 'address': 'Bangalore234'}",20,234,2340,created for reading
english235,"{'name': 'sky235', 'bio': 'created the author'}",{'name': 'english5'},{'name': 'fiction0'},"{'name': 'skyward235', 'address': 'Bangalore235'}",20,235,2350,created for reading
english236,"{'name': 'sky236', 'bio': 'created the author'}",{'name': 'english6'},{'name': 'fiction1'},"{'name': 'skyward236', 'address': 'Bangalore236'}",20,236,2360,created for reading
english237,"{'name': 'sky237', 'bio': 'created the author'}",{'name': 'english7'},{'name': 'fiction2'},"{'name': 'skyward237', 'address': 'Bangalore237'}",20,237,2370,created for reading
english238,"{'name': 'sky238', 'bio': 'created the author'}",{'name': 'english8'},{'name': 'fiction3'},"{'name': 'skyward238', 'address': 'Bangalore238'}",20,238,2380,created for reading
english239,"{'name': 'sky239', 'bio': 'created the author'}",{'name': 'english9'},{'name': 'fiction4'},"{'name': 'skyward239', 'address': 'Bangalore239'}",20,239,2390,created for reading
english240,"{'name': 'sky240', 'bio': 'created the author'}",{'name': 'english0'},{'name': 'fiction0'},"{'name': 'skyward240', 'address': 'Bangalore240'}",20,240,2400,created for reading
english241,"{'name': 'sky241', 'bio': 'created the author'}",{'name': 'english1'},{'name': 'fiction1'},"{'name': 'skyward241', 'address': 'Bangalore241'}",20,241,2410,created for reading
english242,"{'name': 'sky242', 'bio': 'created the author'}",{'name': 'english2'},{'name': 'fiction2'},"{'name': 'skyward242', 'address': 'Bangalore242'}",20,242,2420,created for reading
english243,"{'name': 'sky243', 'bio': 'created the author'}",{'name': 'english3'},{'name': 'fiction3'},"{'name': 'skyward243', 'address': 'Bangalore243'}",20,243,2430,created for reading
english244,"{'name': 'sky244', 'bio': 'created the author'}",{'name': 'english4'},{'name': 'fiction4'},"{'name': 'skyward244', 'address': 'Bangalore244'}",20,244,2440,created for reading
english245,"{'name': 'sky245', 'bio': 'created the author'}",{'name': 'english5'},{'name': 'fiction0'},"{'name': 'skyward245', 'address': 'Bangalore245'}",20,245,2450,created for reading
english246,"{'name': 'sky246', 'bio': 'created the author'}",{'name': 'english6'},{'name': 'fiction1'},"{'name': 'skyward246', 'address': 'Bangalore246'}",20,246,2460,created for reading
english247,"{'name': 'sky247', 'bio': 'created the author'}",{'name': 'english7'},{'name': 'fiction2'},"{'name': 'skyward247', 'address': 'Bangalore247'}",20,247,2470,created for reading
english248,"{'name': 'sky248', 'bio': 'created the author'}",{'name': 'english8'},{'name': 'fiction3'},"{'name': 'skyward248', 'address': 'Bangalore248'}",20,248,2480,created for reading
english249,"{'name': 'sky249', 'bio': 'created the author'}",{'name': 'english9'},{'name': 'fiction4'},"{'name': 'skyward249', 'address': 'Bangalore249'}",20,249,2490,created for reading
english250,"{'name': 'sky250', 'bio': 'created the author'}",{'name': 'english0'},{'name': 'fiction0'},"{'name': 'skyward250', 'address': 'Bangalore250'}",20,250,2500,created for reading
english251,"{'name': 'sky251', 'bio': 'created the author'}",{'name': 'english1'},{'name': 'fiction1'},"{'name': 'skyward251', 'address': 'Bangalore251'}",20,251,2510,created for reading
english252,"{'name': 'sky252', 'bio': 'created the author'}",{'name': 'english2'},{'name': 'fiction2'},"{'name': 'skyward252', 'address': 'Bangalore252'}",20,252,2520,created for reading
english253,"{'name': 'sky253', 'bio': 'created the author'}",{'name': 'english3'},{'name': 'fiction3'},"{'name': 'skyward253', 'address': 'Bangalore253'}",20,253,2530,created for reading
english254,"{'name': 'sky254', 'bio': 'created the author'}",{'name': 'english4'},{'name': 'fiction4'},"{'name': 'skyward254', 'address': 'Bangalore254'}",20,254,2540,created for reading
english255,"{'name': 'sky255', 'bio': 'created the author'}",{'name': 'english5'},{'name': 'fiction0'},"{'name': 'skyward255', 'address': 'Bangalore255'}",20,255,2550,created for reading
english256,"{'name': 'sky256', 'bio': 'created the author'}",{'name': 'english6'},{'name': 'fiction1'},"{'name': 'skyward256', 'address': 'Bangalore256'}",20,256,2560,created for reading
english257,"{'name': 'sky257', 'bio': 'created the author'}",{'name': 'english7'},{'name': 'fiction2'},"{'name': 'skyward257', 'address': 'Bangalore257'}",20,257,2570,created for reading
english258,"{'name': 'sky258', 'bio': 'created the author'}",{'name': 'english8'},{'name': 'fiction3'},"{'name': 'skyward258', 'address': 'Bangalore258'}",20,258,2580,created for reading
english259,"{'name': 'sky259', 'bio': 'created the author'}",{'name': 'english9'},{'name': 'fiction4'},"{'name': 'skyward259', 'address': 'Bangalore259'}",20,259,2590,created for reading
english260,"{'name': 'sky260', 'bio': 'created the author'}",{'name': 'english0'},{'name': 'fiction0'},"{'name': 'skyward260', 'address': 'Bangalore260'}",20,260,2600,created for reading
english261,"{'name': 'sky261', 'bio': 'created the author'}",{'name': 'english1'},{'name': 'fiction1'},"{'name': 'skyward261', 'address': 'Bangalore261'}",20,261,2610,created for reading
english262,"{'name': 'sky262', 'bio': 'created the author'}",{'name': 'english2'},{'name': 'fiction2'},"{'name': 'skyward262', 'address': 'Bangalore262'}",20,262,2620,created for reading
english263,"{'name': 'sky263', 'bio': 'created the author'}",{'name': 'english3'},{'name': 'fiction3'},"{'name': 'skyward263', 'address': 'Bangalore263'}",20,263,2630,created for reading
english264,"{'name': 'sky264', 'bio': 'created the author'}",{'name': 'english4'},{'name': 'fiction4'},"{'name': 'skyward264', 'address': 'Bangalore264'}",20,264,2640,created for reading
english265,"{'name': 'sky265', 'bio': 'created the author'}",{'name': 'english5'},{'name': 'fiction0'},"{'name': 'skyward265', 'address': 'Bangalore265'}",20,265,2650,created for reading
english266,"{'name': 'sky266', 'bio': 'created the author'}",{'name': 'english6'},{'name': 'fiction1'},"{'name': 'skyward266', 'address': 'Bangalore266'}",20,266,2660,created for reading
english267,"{'name': 'sky267', 'bio': 'created the author'}",{'name': 'english7'},{'name': 'fiction2'},"{'name': 'skyward267', 'address': 'Bangalore267'}",20,267,2670,created for reading
english268,"{'name': 'sky268', 'bio': 'created the author'}",{'name': 'english8'},{'name': 'fiction3'},"{'name': 'skyward268', 'address': 'Bangalore268'}",20,268,2680,created for reading
english269,"{'name': 'sky269', 'bio': 'created the author'}",{'name': 'english9'},{'name': 'fiction4'},"{'name': 'skyward269', 'address': 'Bangalore269'}",20,269,2690,created for reading
english270,"{'name': 'sky270', 'bio': 'created the author'}",{'name': 'english0'},{'name': 'fiction0'},"{'name': 'skyward270', 'address': 'Bangalore270'}",20,270,2700,created for reading
english271,"{'name': 'sky271', 'bio': 'created the author'}",{'name': 'english1'},{'name': 'fiction1'},"{'name': 'skyward271', 'address': 'Bangalore271'}",20,271,2710,created for reading
english272,"{'name': 'sky272', 'bio': 'created the author'}",{'name': 'english2'},{'name': 'fiction2'},"{'name': 'skyward272', 'address': 'Bangalore272'}",20,272,2720,created for reading
english273,"{'name': 'sky273', 'bio': 'created the author'}",{'name': 'english3'},{'name': 'fiction3'},"{'name': 'skyward273', 'address': 'Bangalore273'}",20,273,2730,created for reading
english274,"{'name': 'sky274', 'bio': 'created the author'}",{'name': 'english4'},{'name': 'fiction4'},"{'name': 'skyward274', 'address': 'Bangalore274'}",20,274,2740,created for reading
english275,"{'name': 'sky275', 'bio': 'created the author'}",{'name': 'english5'},{'name': 'fiction0'},"{'name': 'skyward275', 'address': 'Bangalore275'}",20,275,2750,created for reading
english276,"{'name': 'sky276', 'bio': 'created the author'}",{'name': 'english6'},{'name': 'fiction1'},"{'name': 'skyward276', 'address': 'Bangalore276'}",20,276,2760,created for reading
english277,"{'name': 'sky277', 'bio': 'created the author'}",{'name': 'english7'},{'name': 'fiction2'},"{'name': 'skyward277', 'address': 'Bangalore277'}",20,277,2770,created for reading
english278,"{'name': 'sky278', 'bio': 'created the author'}",{'name': 'english8'},{'name': 'fiction3'},"{'name': 'skyward278', 'address': 'Bangalore278'}",20,278,2780,created for reading
english279,"{'name': 'sky279', 'bio': 'created the author'}",{'name': 'english9'},{'name': 'fiction4'},"{'name': 'skyward279', 'address': 'Bangalore279'}",20,279,2790,created for reading
english280,"{'name': 'sky280', 'bio': 'created the author'}",{'name': 'english0'},{'name': 'fiction0'},"{'name': 'skyward280', 'address': 'Bangalore280'}",20,280,2800,created for reading
english281,"{'name': 'sky281', 'bio': 'created the author'}",{'name': 'english1'},{'name': 'fiction1'},"{'name': 'skyward281', 'address': 'Bangalore281'}",20,281,2810,created for reading
english282,"{'name': 'sky282', 'bio': 'created the author'}",{'name': 'english2'},{'name': 'fiction2'},"{'name': 'skyward282', 'address': 'Bangalore282'}",20,282,2820,created for reading
english283,"{'name': 'sky283', 'bio': 'created the author'}",{'name': 'english3'},{'name': 'fiction3'},"{'name': 'skyward283', 'address': 'Bangalore283'}",20,283,2830,created for reading
english284,"{'name': 'sky284', 'bio': 'created the author'}",{'name': 'english4'},{'name': 'fiction4'},"{'name': 'skyward284', 'address': 'Bangalore284'}",20,284,2840,created for reading
english285,"{'name': 'sky285', 'bio': 'created the author'}",{'name': 'english5'},{'name': 'fiction0'},"{'name': 'skyward285', 'address': 'Bangalore285'}",20,285,2850,created for reading
english286,"{'name': 'sky286', 'bio': 'created the author'}",{'name': 'english6'},{'name': 'fiction1'},"{'name': 'skyward286', 'address': 'Bangalore286'}",20,286,2860,created for reading
english287,"{'name': 'sky287', 'bio': 'created the author'}",{'name': 'english7'},{'name': 'fiction2'},"{'name': 'skyward287', 'address': 'Bangalore287'}",20,287,2870,created for reading
english288,"{'name': 'sky288', 'bio': 'created the author'}",{'name': 'english8'},{'name': 'fiction3'},"{'name': 'skyward288', 'address': 'Bangalore288'}",20,288,2880,created for reading
english289,"{'name': 'sky289', 'bio': 'created the author'}",{'name': 'english9'},{'name': 'fiction4'},"{'name': 'skyward289', 'address': 'Bangalore289'}",20,289,2890,created for reading
english290,"{'name': 'sky290', 'bio': 'created the author'}",{'name': 'english0'},{'name': 'fiction0'},"{'name': 'skyward290', 'address': 'Bangalore290'}",20,290,2900,created for reading
english291,"{'name': 'sky291', 'bio': 'created the author'}",{'name': 'english1'},{'name': 'fiction1'},"{'name': 'skyward291', 'address': 'Bangalore291'}",20,291,2910,created for reading
english292,"{'name': 'sky292', 'bio': 'created the author'}",{'name': 'english2'},{'name': 'fiction2'},"{'name': 'skyward292', 'address': 'Bangalore292'}",20,292,2920,created for reading
english293,"{'name': 'sky293', 'bio': 'created the author'}",{'name': 'english3'},{'name': 'fiction3'},"{'name': 'skyward293', 'address': 'Bangalore293'}",20,293,2930,created for reading
english294,"{'name': 'sky294', 'bio': 'created the author'}",{'name': 'english4'},{'name': 'fiction4'},"{'name': 'skyward294', 'address': 'Bangalore294'}",20,294,2940,created for reading
english295,"{'name': 'sky295', 'bio': 'created the author'}",{'name': 'english5'},{'name': 'fiction0'},"{'name': 'skyward295', 'address': 'Bangalore295'}",20,295,2950,created for reading
english296,"{'name': 'sky296', 'bio': 'created the author'}",{'name': 'english6'},{'name': 'fiction1'},"{'name': 'skyward296', 'address': 'Bangalore296'}",20,296,2960,created for reading
english297,"{'name': 'sky297', 'bio': 'created the author'}",{'name': 'english7'},{'name': 'fiction2'},"{'name': 'skyward297', 'address': 'Bangalore297'}",20,297,2970,created for reading
english298,"{'name': 'sky298', 'bio': 'created the author'}",{'name': 'english8'},{'name': 'fiction3'},"{'name': 'skyward298', 'address': 'Bangalore298'}",20,298,2980,created for reading
english299,"{'name': 'sky299', 'bio': 'created the author'}",{'name': 'english9'},{'name': 'fiction4'},"{'name': 'skyward299', 'address': 'Bangalore299'}",20,299,2990,created for reading
english300,"{'name': 'sky300', 'bio': 'created the author'}",{'name': 'english0'},{'name': 'fiction0'},"{'name': 'skyward300', 'address': 'Bangalore300'}",20,300,3000,created for reading
english301,"{'name': 'sky301', 'bio': 'created the author'}",{'name': 'english1'},{'name': 'fiction1'},"{'name': 'skyward301', 'address': 'Bangalore301'}",20,301,3010,created for reading
english302,"{'name': 'sky302', 'bio': 'created the author'}",{'name': 'english2'},{'name': 'fiction2'},"{'name': 'skyward302', 'address': 'Bangalore302'}",20,302,3020,created for reading
english303,"{'name': 'sky303', 'bio': 'created the author'}",{'name': 'english3'},{'name': 'fiction3'},"{'name': 'skyward303', 'address': 'Bangalore303'}",20,303,3030,created for reading
english304,"{'name': 'sky304', 'bio': 'created the author'}",{'name': 'english4'},{'name': 'fiction4'},"{'name': 'skyward304', 'address': 'Bangalore304'}",20,304,3040,created for reading
english305,"{'name': 'sky305', 'bio': 'created the author'}",{'name': 'english5'},{'name': 'fiction0'},"{'name': 'skyward305', 'address': 'Bangalore305'}",20,305,3050,created for reading
english306,"{'name': 'sky306', 'bio': 'created the author'}",{'name': 'english6'},{'name': 'fiction1'},"{'name': 'skyward306', 'address': 'Bangalore306'}",20,306,3060,created for reading
english307,"{'name': 'sky307', 'bio': 'created the author'}",{'name': 'english7'},{'name': 'fiction2'},"{'name': 'skyward307', 'address': 'Bangalore307'}",20,307,3070,created for reading
english308,"{'name': 'sky308', 'bio': 'created the author'}",{'name': 'english8'},{'name': 'fiction3'},"{'name': 'skyward308', 'address': 'Bangalore308'}",20,308,3080,created for reading
english309,"{'name': 'sky309', 'bio': 'created the author'}",{'name': 'english9'},{'name': 'fiction4'},"{'name': 'skyward309', 'address': 'Bangalore309'}",20,309,3090,created for reading
english310,"{'name': 'sky310', 'bio': 'created the author'}",{'name': 'english0'},{'name': 'fiction0'},"{'name': 'skyward310', 'address': 'Bangalore310'}",20,310,3100,created for reading
english311,"{'name': 'sky311', 'bio': 'created the author'}",{'name': 'english1'},{'name': 'fiction1'},"{'name': 'skyward311', 'address': 'Bangalore311'}",20,311,3110,created for reading
english312,"{'name': 'sky312', 'bio': 'created the author'}",{'name': 'english2'},{'name': 'fiction2'},"{'name': 'skyward312', 'address': 'Bangalore312'}",20,312,3120,created for reading
english313,"{'name': 'sky313', 'bio': 'created the author'}",{'name': 'english3'},{'name': 'fiction3'},"{'name': 'skyward313', 'address': 'Bangalore313'}",20,313,3130,created for reading
english314,"{'name': 'sky314', 'bio': 'created the author'}",{'name': 'english4'},{'name': 'fiction4'},"{'name': 'skyward314', 'address': 'Bangalore314'}",20,314,3140,created for reading
english315,"{'name': 'sky315', 'bio': 'created the author'}",{'name': 'english5'},{'name': 'fiction0'},"{'name': 'skyward315', 'address': 'Bangalore315'}",20,315,3150,created for reading
english316,"{'name': 'sky316', 'bio': 'created the author'}",{'name': 'english6'},{'name': 'fiction1'},"{'name': 'skyward316', 'address': 'Bangalore316'}",20,316,3160,created for reading
english317,"{'name': 'sky317', 'bio': 'created the author'}",{'name': 'english7'},{'name': 'fiction2'},"{'name': 'skyward317', 'address': 'Bangalore317'}",20,317,3170,created for reading
english318,"{'name': 'sky318', 'bio': 'created the author'}",{'name': 'english8'},{'name': 'fiction3'},"{'name': 'skyward318', 'address': 'Bangalore318'}",20,318,3180,created for reading
english319,"{'name': 'sky319', 'bio': 'created the author'}",{'name': 'english9'},{'name': 'fiction4'},"{'name': 'skyward319', 'address': 'Bangalore319'}",20,319,3190,created for reading
english320,"{'name': 'sky320', 'bio': 'created the author'}",{'name': 'english0'},{'name': 'fiction0'},"{'name': 'skyward320', 'address': 'Bangalore320'}",20,320,3200,created for reading
english321,"{'name': 'sky321', 'bio': 'created the author'}",{'name': 'english1'},{'name': 'fiction1'},"{'name': 'skyward321', 'address': 'Bangalore321'}",20,321,3210,created for reading
english322,"{'name': 'sky322', 'bio': 'created the author'}",{'name': 'english2'},{'name': 'fiction2'},"{'name': 'skyward322', 'address': 'Bangalore322'}",20,322,3220,created for reading
english323,"{'name': 'sky323', 'bio': 'created the author'}",{'name': 'english3'},{'name': 'fiction3'},"{'name': 'skyward323', 'address': 'Bangalore323'}",20,323,3230,created for reading
english324,"{'name': 'sky324', 'bio': 'created the author'}",{'name': 'english4'},{'name': 'fiction4'},"{'name': 'skyward324', 'address': 'Bangalore324'}",20,324,3240,created for reading
english325,"{'name': 'sky325', 'bio': 'created the author'}",{'name': 'english5'},{'name': 'fiction0'},"{'name': 'skyward325', 'address': 'Bangalore325'}",20,325,3250,created for reading
english326,"{'name': 'sky326', 'bio': 'created the author'}",{'name': 'english6'},{'name': 'fiction1'},"{'name': 'skyward326', 'address': 'Bangalore326'}",20,326,3260,created for reading
english327,"{'name': 'sky327', 'bio': 'created the author'}",{'name': 'english7'},{'name': 'fiction2'},"{'name': 'skyward327', 'address': 'Bangalore327'}",20,327,3270,created for reading
english328,"{'name': 'sky328', 'bio': 'created the author'}",{'name': 'english8'},{'name': 'fiction3'},"{'name': 'skyward328', 'address': 'Bangalore328'}",20,328,3280,created for reading
english329,"{'name': 'sky329', 'bio': 'created the author'}",{'name': 'english9'},{'name': 'fiction4'},"{'name': 'skyward329', 'address': 'Bangalore329'}",20,329,3290,created for reading
english330,"{'name': 'sky330', 'bio': 'created the author'}",{'name': 'english0'},{'name': 'fiction0'},"{'name': 'skyward330', 'address': 'Bangalore330'}",20,330,3300,created for reading
english331,"{'name': 'sky331', 'bio': 'created the author'}",{'name': 'english1'},{'name': 'fiction1'},"{'name': 'skyward331', 'address': 'Bangalore331'}",20,331,3310,created for reading
english332,"{'name': 'sky332', 'bio': 'created the author'}",{'name': 'english2'},{'name': 'fiction2'},"{'name': 'skyward332', 'address': 'Bangalore332'}",20,332,3320,created for reading
english333,"{'name': 'sky333', 'bio': 'created the author'}",{'name': 'english3'},{'name': 'fiction3'},"{'name': 'skyward333', 'address': 'Bangalore333'}",20,333,3330,created for reading
english334,"{'name': 'sky334', 'bio': 'created the author'}",{'name': 'english4'},{'name': 'fiction4'},"{'name': 'skyward334', 'address': 'Bangalore334'}",20,334,3340,created for reading
english335,"{'name': 'sky335', 'bio': 'created the author'}",{'name': 'english5'},{'name': 'fiction0'},"{'name': 'skyward335', 'address': 'Bangalore335'}",20,335,3350,created for reading
english336,"{'name': 'sky336', 'bio': 'created the author'}",{'name': 'english6'},{'name': 'fiction1'},"{'name': 'skyward336', 'address': 'Bangalore336'}",20,336,3360,created for reading
english337,"{'name': 'sky337', 'bio': 'created the author'}",{'name': 'english7'},{'name': 'fiction2'},"{'name': 'skyward337', 'address': 'Bangalore337'}",20,337,3370,created for reading
english338,"{'name': 'sky338', 'bio': 'created the author'}",{'name': 'english8'},{'name': 'fiction3'},"{'name': 'skyward338', 'address': 'Bangalore338'}",20,338,3380,created for reading
english339,"{'name': 'sky339', 'bio': 'created the author'}",{'name': 'english9'},{'name': 'fiction4'},"{'name': 'skyward339', 'address': 'Bangalore339'}",20,339,3390,created for reading
english340,"{'name': 'sky340', 'bio': 'created the author'}",{'name': 'english0'},{'name': 'fiction0'},"{'name': 'skyward340', 'address': 'Bangalore340'}",20,340,3400,created for reading
english341,"{'name': 'sky341', 'bio': 'created the author'}",{'name': 'english1'},{'name': 'fiction1'},"{'name': 'skyward341', 'address': 'Bangalore341'}",20,341,3410,created for reading
english342,"{'name': 'sky342', 'bio': 'created the author'}",{'name': 'english2'},{'name': 'fiction2'},"{'name': 'skyward342', 'address': 'Bangalore342'}",20,342,3420,created for reading
english343,"{'name': 'sky343', 'bio': 'created the author'}",{'name': 'english3'},{'name': 'fiction3'},"{'name': 'skyward343', 'address': 'Bangalore343'}",20,343,3430,created for reading
english344,"{'name': 'sky344', 'bio': 'created the author'}",{'name': 'english4'},{'name': 'fiction4'},"{'name': 'skyward344', 'address': 'Bangalore344'}",20,344,3440,created for reading
english345,"{'name': 'sky345', 'bio': 'created the author'}",{'name': 'english5'},{'name': 'fiction0'},"{'name': 'skyward345', 'address': 'Bangalore345'}",20,345,3450,created for reading
english346,"{'name': 'sky346', 'bio': 'created the author'}",{'name': 'english6'},{'name': 'fiction1'},"{'name': 'skyward346', 'address': 'Bangalore346'}",20,346,3460,created for reading
english347,"{'name': 'sky347', 'bio': 'created the author'}",{'name': 'english7'},{'name': 'fiction2'},"{'name': 'skyward347', 'address': 'Bangalore347'}",20,347,3470,created for reading
english348,"{'name': 'sky348', 'bio': 'created the author'}",{'name': 'english8'},{'name': 'fiction3'},"{'name': 'skyward348', 'address': 'Bangalore348'}",20,348,3480,created for reading
english349,"{'name': 'sky349', 'bio': 'created the author'}",{'name': 'english9'},{'name': 'fiction4'},"{'name': 'skyward349', 'address': 'Bangalore349'}",20,349,3490,created for reading
english350,"{'name': 'sky350', 'bio': 'created the author'}",{'name': 'english0'},{'name': 'fiction0'},"{'name': 'skyward350', 'address': 'Bangalore350'}",20,350,3500,created for reading
english351,"{'name': 'sky351', 'bio': 'created the author'}",{'name': 'english1'},{'name': 'fiction1'},"{'name': 'skyward351', 'address': 'Bangalore351'}",20,351,3510,created for reading
english352,"{'name': 'sky352', 'bio': 'created the author'}",{'name': 'english2'},{'name': 'fiction2'},"{'name': 'skyward352', 'address': 'Bangalore352'}",20,352,3520,created for reading
english353,"{'name': 'sky353', 'bio': 'created the author'}",{'name': 'english3'},{'name': 'fiction3'},"{'name': 'skyward353', 'address': 'Bangalore353'}",20,353,3530,created for reading
english354,"{'name': 'sky354', 'bio': 'created the author'}",{'name': 'english4'},{'name': 'fiction4'},"{'name': 'skyward354', 'address': 'Bangalore354'}",20,354,3540,created for reading
english355,"{'name': 'sky355', 'bio': 'created the author'}",{'name': 'english5'},{'name': 'fiction0'},"{'name': 'skyward355', 'address': 'Bangalore355'}",20,355,3550,created for reading
english356,"{'name': 'sky356', 'bio': 'created the author'}",{'name': 'english6'},{'name': 'fiction1'},"{'name': 'skyward356', 'address': 'Bangalore356'}",20,356,3560,created for reading
english357,"{'name': 'sky357', 'bio': 'created the author'}",{'name': 'english7'},{'name': 'fiction2'},"{'name': 'skyward357', 'address': 'Bangalore357'}",20,357,3570,created for reading
english358,"{'name': 'sky358', 'bio': 'created the author'}",{'name': 'english8'},{'name': 'fiction3'},"{'name': 'skyward358', 'address': 'Bangalore358'}",20,358,3580,created for reading
english359,"{'name': 'sky359', 'bio': 'created the author'}",{'name': 'english9'},{'name': 'fiction4'},"{'name': 'skyward359', 'address': 'Bangalore359'}",20,359,3590,created for reading
english360,"{'name': 'sky360', 'bio': 'created the author'}",{'name': 'english0'},{'name': 'fiction0'},"{'name': 'skyward360', 'address': 'Bangalore360'}",20,360,3600,created for reading
english361,"{'name': 'sky361', 'bio': 'created the author'}",{'name': 'english1'},{'name': 'fiction1'},"{'name': 'skyward361', 'address': 'Bangalore361'}",20,361,3610,created for reading
english362,"{'name': 'sky362', 'bio': 'created the author'}",{'name': 'english2'},{'name': 'fiction2'},"{'name': 'skyward362', 'address': 'Bangalore362'}",20,362,3620,created for reading
english363,"{'name': 'sky363', 'bio': 'created the author'}",{'name': 'english3'},{'name': 'fiction3'},"{'name': 'skyward363', 'address': 'Bangalore363'}",20,363,3630,created for reading
english364,"{'name': 'sky364', 'bio': 'created the author'}",{'name': 'english4'},{'name': 'fiction4'},"{'name': 'skyward364', 'address': 'Bangalore364'}",20,364,3640,created for reading
english365,"{'name': 'sky365', 'bio': 'created the author'}",{'name': 'english5'},{'name': 'fiction0'},"{'name': 'skyward365', 'address': 'Bangalore365'}",20,365,3650,created for reading
english366,"{'name': 'sky366', 'bio': 'created the author'}",{'name': 'english6'},{'name': 'fiction1'},"{'name': 'skyward366', 'address': 'Bangalore366'}",20,366,3660,created for reading
english367,"{'name': 'sky367', 'bio': 'created the author'}",{'name': 'english7'},{'name': 'fiction2'},"{'name': 'skyward367', 'address': 'Bangalore367'}",20,367,3670,created for reading
english368,"{'name': 'sky368', 'bio': 'created the author'}",{'name': 'english8'},{'name': 'fiction3'},"{'name': 'skyward368', 'address': 'Bangalore368'}",20,368,3680,created for reading
english369,"{'name': 'sky369', 'bio': 'created the author'}",{'name': 'english9'},{'name': 'fiction4'},"{'name': 'skyward369', 'address': 'Bangalore369'}",20,369,3690,created for reading
english370,"{'name': 'sky370', 'bio': 'created the author'}",{'name': 'english0'},{'name': 'fiction0'},"{'name': 'skyward370', 'address': 'Bangalore370'}",20,370,3700,created for reading
english371,"{'name': 'sky371', 'bio': 'created the author'}",{'name': 'english1'},{'name': 'fiction1'},"{'name': 'skyward371', 'address': 'Bangalore371'}",20,371,3710,created for reading
english372,"{'name': 'sky372', 'bio': 'created the author'}",{'name': 'english2'},{'name': 'fiction2'},"{'name': 'skyward372', 'address': 'Bangalore372'}",20,372,3720,created for reading
english373,"{'name': 'sky373', 'bio': 'created the author'}",{'name': 'english3'},{'name': 'fiction3'},"{'name': 'skyward373', 'address': 'Bangalore373'}",20,373,3730,created for reading
english374,"{'name': 'sky374', 'bio': 'created the author'}",{'name': 'english4'},{'name': 'fiction4'},"{'name': 'skyward374', 'address': 'Bangalore374'}",20,374,3740,created for reading
english375,"{'name': 'sky375', 'bio': 'created the author'}",{'name': 'english5'},{'name': 'fiction0'},"{'name': 'skyward375', 'address': 'Bangalore375'}",20,375,3750,created for reading
english376,"{'name': 'sky376', 'bio': 'created the author'}",{'name': 'english6'},{'name': 'fiction1'},"{'name': 'skyward376', 'address': 'Bangalore376'}",20,376,3760,created for reading
english377,"{'name': 'sky377', 'bio': 'created the author'}",{'name': 'english7'},{'name': 'fiction2'},"{'name': 'skyward377', 'address': 'Bangalore377'}",20,377,3770,created for reading
english378,"{'name': 'sky378', 'bio': 'created the author'}",{'name': 'english8'},{'name': 'fiction3'},"{'name': 'skyward378', 'address': 'Bangalore378'}",20,378,3780,created for reading
english379,"{'name': 'sky379', 'bio': 'created the author'}",{'name': 'english9'},{'name': 'fiction4'},"{'name': 'skyward379', 'address': 'Bangalore379'}",20,379,3790,created for reading
english380,"{'name': 'sky380', 'bio': 'created the author'}",{'name': 'english0'},{'name': 'fiction0'},"{'name': 'skyward380', 'address': 'Bangalore380'}",20,380,3800,created for reading
english381,"{'name': 'sky381', 'bio': 'created the author'}",{'name': 'english1'},{'name': 'fiction1'},"{'name': 'skyward381', 'address': 'Bangalore381'}",20,381,3810,created for reading
english382,"{'name': 'sky382', 'bio': 'created the author'}",{'name': 'english2'},{'name': 'fiction2'},"{'name': 'skyward382', 'address': 'Bangalore382'}",20,382,3820,created for reading
english383,"{'name': 'sky383', 'bio': 'created the author'}",{'name': 'english3'},{'name': 'fiction3'},"{'name': 'skyward383', 'address': 'Bangalore383'}",20,383,3830,created for reading
english384,"{'name': 'sky384', 'bio': 'created the author'}",{'name': 'english4'},{'name': 'fiction4'},"{'name': 'skyward384', 'address': 'Bangalore384'}",20,384,3840,created for reading
english385,"{'name': 'sky385', 'bio': 'created the author'}",{'name': 'english5'},{'name': 'fiction0'},"{'name': 'skyward385', 'address': 'Bangalore385'}",20,385,3850,created for reading
english386,"{'name': 'sky386', 'bio': 'created the author'}",{'name': 'english6'},{'name': 'fiction1'},"{'name': 'skyward386', 'address': 'Bangalore386'}",20,386,3860,created for reading
english387,"{'name': 'sky387', 'bio': 'created the author'}",{'name': 'english7'},{'name': 'fiction2'},"{'name': 'skyward387', 'address': 'Bangalore387'}",20,387,3870,created for reading
english388,"{'name': 'sky388', 'bio': 'created the author'}",{'name': 'english8'},{'name': 'fiction3'},"{'name': 'skyward388', 'address': 'Bangalore388'}",20,388,3880,created for reading
english389,"{'name': 'sky389', 'bio': 'created the author'}",{'name': 'english9'},{'name': 'fiction4'},"{'name': 'skyward389', 'address': 'Bangalore389'}",20,389,3890,created for reading
english390,"{'name': 'sky390', 'bio': 'created the author'}",{'name': 'english0'},{'name': 'fiction0'},"{'name': 'skyward390', 'address': 'Bangalore390'}",20,390,3900,created for reading
english391,"{'name': 'sky391', 'bio': 'created the author'}",{'name': 'english1'},{'name': 'fiction1'},"{'name': 'skyward391', 'address': 'Bangalore391'}",20,391,3910,created for reading
english392,"{'name': 'sky392', 'bio': 'created the author'}",{'name': 'english2'},{'name': 'fiction2'},"{'name': 'skyward392', 'address': 'Bangalore392'}",20,392,3920,created for reading
english393,"{'name': 'sky393', 'bio': 'created the author'}",{'name': 'english3'},{'name': 'fiction3'},"{'name': 'skyward393', 'address': 'Bangalore393'}",20,393,3930,created for reading
english394,"{'name': 'sky394', 'bio': 'created the author'}",{'name': 'english4'},{'name': 'fiction4'},"{'name': 'skyward394', 'address': 'Bangalore394'}",20,394,3940,created for reading
english395,"{'name': 'sky395', 'bio': 'created the author'}",{'name': 'english5'},{'name': 'fiction0'},"{'name': 'skyward395', 'address': 'Bangalore395'}",20,395,3950,created for reading
english396,"{'name': 'sky396', 'bio': 'created the author'}",{'name': 'english6'},{'name': 'fiction1'},"{'name': 'skyward396', 'address': 'Bangalore396'}",20,396,3960,created for reading
english397,"{'name': 'sky397', 'bio': 'created the author'}",{'name': 'english7'},{'name': 'fiction2'},"{'name': 'skyward397', 'address': 'Bangalore397'}",20,397,3970,created for reading
english398,"{'name': 'sky398', 'bio': 'created the author'}",{'name': 'english8'},{'name': 'fiction3'},"{'name': 'skyward398', 'address': 'Bangalore398'}",20,398,3980,created for reading
english399,"{'name': 'sky399', 'bio': 'created the author'}",{'name': 'english9'},{'name': 'fiction4'},"{'name': 'skyward399', 'address': 'Bangalore399'}",20,399,3990,created for reading
english400,"{'name': 'sky400', 'bio': 'created the author'}",{'name': 'english0'},{'name': 'fiction0'},"{'name': 'skyward400', 'address': 'Bangalore400'}",20,400,4000,created for reading
english401,"{'name': 'sky401', 'bio': 'created the author'}",{'name': 'english1'},{'name': 'fiction1'},"{'name': 'skyward401', 'address': 'Bangalore401'}",20,401,4010,created for reading
english402,"{'name': 'sky402', 'bio': 'created the author'}",{'name': 'english2'},{'name': 'fiction2'},"{'name': 'skyward402', 'address': 'Bangalore402'}",20,402,4020,created for reading
english403,"{'name': 'sky403', 'bio': 'created the author'}",{'name': 'english3'},{'name': 'fiction3'},"{'name': 'skyward403', 'address': 'Bangalore403'}",20,403,4030,created for reading
english404,"{'name': 'sky404', 'bio': 'created the author'}",{'name': 'english4'},{'name': 'fiction4'},"{'name': 'skyward404', 'address': 'Bangalore404'}",20,404,4040,created for reading
english405,"{'name': 'sky405', 'bio': 'created the author'}",{'name': 'english5'},{'name': 'fiction0'},"{'name': 'skyward405', 'address': 'Bangalore405'}",20,405,4050,created for reading
english406,"{'name': 'sky406', 'bio': 'created the author'}",{'name': 'english6'},{'name': 'fiction1'},"{'name': 'skyward406', 'address': 'Bangalore406'}",20,406,4060,created for reading
english407,"{'name': 'sky407', 'bio': 'created the author'}",{'name': 'english7'},{'name': 'fiction2'},"{'name': 'skyward407', 'address': 'Bangalore407'}",20,407,4070,created for reading
english408,"{'name': 'sky408', 'bio': 'created the author'}",{'name': 'english8'},{'name': 'fiction3'},"{'name': 'skyward408', 'address': 'Bangalore408'}",20,408,4080,created for reading
english409,"{'name': 'sky409', 'bio': 'created the author'}",{'name': 'english9'},{'name': 'fiction4'},"{'name': 'skyward409', 'address': 'Bangalore409'}",20,409,4090,created for reading
english410,"{'name': 'sky410', 'bio': 'created the author'}",{'name': 'english0'},{'name': 'fiction0'},"{'name': 'skyward410', 'address': 'Bangalore410'}",20,410,4100,created for reading
english411,"{'name': 'sky411', 'bio': 'created the author'}",{'name': 'english1'},{'name': 'fiction1'},"{'name': 'skyward411', 'address': 'Bangalore411'}",20,411,4110,created for reading
english412,"{'name': 'sky412', 'bio': 'created the author'}",{'name': 'english2'},{'name': 'fiction2'},"{'name': 'skyward412', 'address': 'Bangalore412'}",20,412,4120,created for reading
english413,"{'name': 'sky413', 'bio': 'created the author'}",{'name': 'english3'},{'name': 'fiction3'},"{'name': 'skyward413', 'address': 'Bangalore413'}",20,413,4130,created for reading
english414,"{'name': 'sky414', 'bio': 'created the author'}",{'name': 'english4'},{'name': 'fiction4'},"{'name': 'skyward414', 'address': 'Bangalore414'}",20,414,4140,created for reading
english415,"{'name': 'sky415', 'bio': 'created the author'}",{'name': 'english5'},{'name': 'fiction0'},"{'name': 'skyward415', 'address': 'Bangalore415'}",20,415,4150,created for reading
english416,"{'name': 'sky416', 'bio': 'created the author'}",{'name': 'english6'},{'name': 'fiction1'},"{'name': 'skyward416', 'address': 'Bangalore416'}",20,416,4160,created for reading
english417,"{'name': 'sky417', 'bio': 'created the author'}",{'name': 'english7'},{'name': 'fiction2'},"{'name': 'skyward417', 'address': 'Bangalore417'}",20,417,4170,created for reading
english418,"{'name': 'sky418', 'bio': 'created the author'}",{'name': 'english8'},{'name': 'fiction3'},"{'name': 'skyward418', 'address': 'Bangalore418'}",20,418,4180,created for reading
english419,"{'name': 'sky419', 'bio': 'created the author'}",{'name': 'english9'},{'name': 'fiction4'},"{'name': 'skyward419', 'address': 'Bangalore419'}",20,419,4190,created for reading
english420,"{'name': 'sky420', 'bio': 'created the author'}",{'name': 'english0'},{'name': 'fiction0'},"{'name': 'skyward420', 'address': 'Bangalore420'}",20,420,4200,created for reading
english421,"{'name': 'sky421', 'bio': 'created the author'}",{'name': 'english1'},{'name': 'fiction1'},"{'name': 'skyward421', 'address': 'Bangalore421'}",20,421,4210,created for reading
english422,"{'name': 'sky422', 'bio': 'created the author'}",{'name': 'english2'},{'name': 'fiction2'},"{'name': 'skyward422', 'address': 'Bangalore422'}",20,422,4220,created for reading
english423,"{'name': 'sky423', 'bio': 'created the author'}",{'name': 'english3'},{'name': 'fiction3'},"{'name': 'skyward423', 'address': 'Bangalore423'}",20,423,4230,created for reading
english424,"{'name': 'sky424', 'bio': 'created the author'}",{'name': 'english4'},{'name': 'fiction4'},"{'name': 'skyward424', 'address': 'Bangalore424'}",20,424,4240,created for reading
english425,"{'name': 'sky425', 'bio': 'created the author'}",{'name': 'english5'},{'name': 'fiction0'},"{'name': 'skyward425', 'address': 'Bangalore425'}",20,425,4250,created for reading
english426,"{'name': 'sky426', 'bio': 'created the author'}",{'name': 'english6'},{'name': 'fiction1'},"{'name': 'skyward426', 'address': 'Bangalore426'}",20,426,4260,created for reading
english427,"{'name': 'sky427', 'bio': 'created the author'}",{'name': 'english7'},{'name': 'fiction2'},"{'name': 'skyward427', 'address': 'Bangalore427'}",20,427,4270,created for reading
english428,"{'name': 'sky428', 'bio': 'created the author'}",{'name': 'english8'},{'name': 'fiction3'},"{'name': 'skyward428', 'address': 'Bangalore428'}",20,428,4280,created for reading
english429,"{'name': 'sky429', 'bio': 'created the author'}",{'name': 'english9'},{'name': 'fiction4'},"{'name': 'skyward429', 'address': 'Bangalore429'}",20,429,4290,created for reading
english430,"{'name': 'sky430', 'bio': 'created the author'}",{'name': 'english0'},{'name': 'fiction0'},"{'name': 'skyward430', 'address': 'Bangalore430'}",20,430,4300,created for reading
english431,"{'name': 'sky431', 'bio': 'created the author'}",{'name': 'english1'},{'name': 'fiction1'},"{'name': 'skyward431', 'address': 'Bangalore431'}",20,431,4310,created for reading
english432,"{'name': 'sky432', 'bio': 'created the author'}",{'name': 'english2'},{'name': 'fiction2'},"{'name': 'skyward432', 'address': 'Bangalore432'}",20,432,4320,created for reading
english433,"{'name': 'sky433', 'bio': 'created the author'}",{'name': 'english3'},{'name': 'fiction3'},"{'name': 'skyward433', 'address': 'Bangalore433'}",20,433,4330,created for reading
english434,"{'name': 'sky434', 'bio': 'created the author'}",{'name': 'english4'},{'name': 'fiction4'},"{'name': 'skyward434', 'address': 'Bangalore434'}",20,434,4340,created for reading
english435,"{'name': 'sky435', 'bio': 'created the author'}",{'name': 'english5'},{'name': 'fiction0'},"{'name': 'skyward435', 'address': 'Bangalore435'}",20,435,4350,created for reading
english436,"{'name': 'sky436', 'bio': 'created the author'}",{'name': 'english6'},{'name': 'fiction1'},"{'name': 'skyward436', 'address': 'Bangalore436'}",20,436,4360,created for reading
english437,"{'name': 'sky437', 'bio': 'created the author'}",{'name': 'english7'},{'name': 'fiction2'},"{'name': 'skyward437', 'address': 'Bangalore437'}",20,437,4370,created for reading
english438,"{'name': 'sky438', 'bio': 'created the author'}",{'name': 'english8'},{'name': 'fiction3'},"{'name': 'skyward438', 'address': 'Bangalore438'}",20,438,4380,created for reading
english439,"{'name': 'sky439', 'bio': 'created the author'}",{'name': 'english9'},{'name': 'fiction4'},"{'name': 'skyward439', 'address': 'Bangalore439'}",20,439,4390,created for reading
english440,"{'name': 'sky440', 'bio': 'created the author'}",{'name': 'english0'},{'name': 'fiction0'},"{'name': 'skyward440', 'address': 'Bangalore440'}",20,440,4400,created for reading
english441,"{'name': 'sky441', 'bio': 'created the author'}",{'name': 'english1'},{'name': 'fiction1'},"{'name': 'skyward441', 'address': 'Bangalore441'}",20,441,4410,created for reading
english442,"{'name': 'sky442', 'bio': 'created the author'}",{'name': 'english2'},{'name': 'fiction2'},"{'name': 'skyward442', 'address': 'Bangalore442'}",20,442,4420,created for reading
english443,"{'name': 'sky443', 'bio': 'created the author'}",{'name': 'english3'},{'name': 'fiction3'},"{'name': 'skyward443', 'address': 'Bangalore443'}",20,443,4430,created for reading
english444,"{'name': 'sky444', 'bio': 'created the author'}",{'name': 'english4'},{'name': 'fiction4'},"{'name': 'skyward444', 'address': 'Bangalore444'}",20,444,4440,created for reading
english445,"{'name': 'sky445', 'bio': 'created the author'}",{'name': 'english5'},{'name': 'fiction0'},"{'name': 'skyward445', 'address': 'Bangalore445'}",20,445,4450,created for reading
english446,"{'name': 'sky446', 'bio': 'created the author'}",{'name': 'english6'},{'name': 'fiction1'},"{'name': 'skyward446', 'address': 'Bangalore446'}",20,446,4460,created for reading
english447,"{'name': 'sky447', 'bio': 'created the author'}",{'name': 'english7'},{'name': 'fiction2'},"{'name': 'skyward447', 'address': 'Bangalore447'}",20,447,4470,created for reading
english448,"{'name': 'sky448', 'bio': 'created the author'}",{'name': 'english8'},{'name': 'fiction3'},"{'name': 'skyward448', 'address': 'Bangalore448'}",20,448,4480,created for reading
english449,"{'name': 'sky449', 'bio': 'created the author'}",{'name': 'english9'},{'name': 'fiction4'},"{'name': 'skyward449', 'address': 'Bangalore449'}",20,449,4490,created for reading
english450,"{'name': 'sky450', 'bio': 'created the author'}",{'name': 'english0'},{'name': 'fiction0'},"{'name': 'skyward450', 'address': 'Bangalore450'}",20,450,4500,created for reading
english451,"{'name': 'sky451', 'bio': 'created the author'}",{'name': 'english1'},{'name': 'fiction1'},"{'name': 'skyward451', 'address': 'Bangalore451'}",20,451,4510,created for reading
english452,"{'name': 'sky452', 'bio': 'created the author'}",{'name': 'english2'},{'name': 'fiction2'},"{'name': 'skyward452', 'address': 'Bangalore452'}",20,452,4520,created for reading
english453,"{'name': 'sky453', 'bio': 'created the author'}",{'name': 'english3'},{'name': 'fiction3'},"{'name': 'skyward453', 'address': 'Bangalore453'}",20,453,4530,created for reading
english454,"{'name': 'sky454', 'bio': 'created the author'}",{'name': 'english4'},{'name': 'fiction4'},"{'name': 'skyward454', 'address': 'Bangalore454'}",20,454,4540,created for reading
english455,"{'name': 'sky455', 'bio': 'created the author'}",{'name': 'english5'},{'name': 'fiction0'},"{'name': 'skyward455', 'address': 'Bangalore455'}",20,455,4550,created for reading
english456,"{'name': 'sky456', 'bio': 'created the author'}",{'name': 'english6'},{'name': 'fiction1'},"{'name': 'skyward456', 'address': 'Bangalore456'}",20,456,4560,created for reading
english457,"{'name': 'sky457', 'bio': 'created the author'}",{'name': 'english7'},{'name': 'fiction2'},"{'name': 'skyward457', 'address': 'Bangalore457'}",20,457,4570,created for reading
english458,"{'name': 'sky458', 'bio': 'created the author'}",{'name': 'english8'},{'name': 'fiction3'},"{'name': 'skyward458', 'address': 'Bangalore458'}",20,458,4580,created for reading
english459,"{'name': 'sky459', 'bio': 'created the author'}",{'name': 'english9'},{'name': 'fiction4'},"{'name': 'skyward459', 'address': 'Bangalore459'}",20,459,4590,created for reading
english460,"{'name': 'sky460', 'bio': 'created the author'}",{'name': 'english0'},{'name': 'fiction0'},"{'name': 'skyward460', 'address': 'Bangalore460'}",20,460,4600,created for reading
english461,"{'name': 'sky461', 'bio': 'created the author'}",{'name': 'english1'},{'name': 'fiction1'},"{'name': 'skyward461', 'address': 'Bangalore461'}",20,461,4610,created for reading
english462,"{'name': 'sky462', 'bio': 'created the author'}",{'name': 'english2'},{'name': 'fiction2'},"{'name': 'skyward462', 'address': 'Bangalore462'}",20,462,4620,created for reading
english463,"{'name': 'sky463', 'bio': 'created the author'}",{'name': 'english3'},{'name': 'fiction3'},"{'name': 'skyward463', 'address': 'Bangalore463'}",20,463,4630,created for reading
english464,"{'name': 'sky464', 'bio': 'created the author'}",{'name': 'english4'},{'name': 'fiction4'},"{'name': 'skyward464', 'address': 'Bangalore464'}",20,464,4640,created for reading
english465,"{'name': 'sky465', 'bio': 'created the author'}",{'name': 'english5'},{'name': 'fiction0'},"{'name': 'skyward465', 'address': 'Bangalore465'}",20,465,4650,created for reading
english466,"{'name': 'sky466', 'bio': 'created the author'}",{'name': 'english6'},{'name': 'fiction1'},"{'name': 'skyward466', 'address': 'Bangalore466'}",20,466,4660,created for reading
english467,"{'name': 'sky467', 'bio': 'created the author'}",{'name': 'english7'},{'name': 'fiction2'},"{'name': 'skyward467', 'address': 'Bangalore467'}",20,467,4670,created for reading
english468,"{'name': 'sky468', 'bio': 'created the author'}",{'name': 'english8'},{'name': 'fiction3'},"{'name': 'skyward468', 'address': 'Bangalore468'}",20,468,4680,created for reading
english469,"{'name': 'sky469', 'bio': 'created the author'}",{'name': 'english9'},{'name': 'fiction4'},"{'name': 'skyward469', 'address': 'Bangalore469'}",20,469,4690,created for reading
english470,"{'name': 'sky470', 'bio': 'created the author'}",{'name': 'english0'},{'name': 'fiction0'},"{'name': 'skyward470', 'address': 'Bangalore470'}",20,470,4700,created for reading
english471,"{'name': 'sky471', 'bio': 'created the author'}",{'name': 'english1'},{'name': 'fiction1'},"{'name': 'skyward471', 'address': 'Bangalore471'}",20,471,4710,created for reading
english472,"{'name': 'sky472', 'bio': 'created the author'}",{'name': 'english2'},{'name': 'fiction2'},"{'name': 'skyward472', 'address': 'Bangalore472'}",20,472,4720,created for reading
english473,"{'name': 'sky473', 'bio': 'created the author'}",{'name': 'english3'},{'name': 'fiction3'},"{'name': 'skyward473', 'address': 'Bangalore473'}",20,473,4730,created for reading
english474,"{'name': 'sky474', 'bio': 'created the author'}",{'name': 'english4'},{'name': 'fiction4'},"{'name': 'skyward474', 'address': 'Bangalore474'}",20,474,4740,created for reading
english475,"{'name': 'sky475', 'bio': 'created the author'}",{'name': 'english5'},{'name': 'fiction0'},"{'name': 'skyward475', 'address': 'Bangalore475'}",20,475,4750,created for reading
english476,"{'name': 'sky476', 'bio': 'created the author'}",{'name': 'english6'},{'name': 'fiction1'},"{'name': 'skyward476', 'address': 'Bangalore476'}",20,476,4760,created for reading
english477,"{'name': 'sky477', 'bio': 'created the author'}",{'name': 'english7'},{'name': 'fiction2'},"{'name': 'skyward477', 'address': 'Bangalore477'}",20,477,4770,created for reading
english478,"{'name': 'sky478', 'bio': 'created the author'}",{'name': 'english8'},{'name': 'fiction3'},"{'name': 'skyward478', 'address': 'Bangalore478'}",20,478,4780,created for reading
english479,"{'name': 'sky479', 'bio': 'created the author'}",{'name': 'english9'},{'name': 'fiction4'},"{'name': 'skyward479', 'address': 'Bangalore479'}",20,479,4790,created for reading
english480,"{'name': 'sky480', 'bio': 'created the author'}",{'name': 'english0'},{'name': 'fiction0'},"{'name': 'skyward480', 'address': 'Bangalore480'}",20,480,4800,created for reading
english481,"{'name': 'sky481', 'bio': 'created the author'}",{'name': 'english1'},{'name': 'fiction1'},"{'name': 'skyward481', 'address': 'Bangalore481'}",20,481,4810,created for reading
english482,"{'name': 'sky482', 'bio': 'created the author'}",{'name': 'english2'},{'name': 'fiction2'},"{'name': 'skyward482', 'address': 'Bangalore482'}",20,482,4820,created for reading
english483,"{'name': 'sky483', 'bio': 'created the author'}",{'name': 'english3'},{'name': 'fiction3'},"{'name': 'skyward483', 'address': 'Bangalore483'}",20,483,4830,created for reading
english484,"{'name': 'sky484', 'bio': 'created the author'}",{'name': 'english4'},{'name': 'fiction4'},"{'name': 'skyward484', 'address': 'Bangalore484'}",20,484,4840,created for reading
english485,"{'name': 'sky485', 'bio': 'created the author'}",{'name': 'english5'},{'name': 'fiction0'},"{'name': 'skyward485', 'address': 'Bangalore485'}",20,485,4850,created for reading
english486,"{'name': 'sky486', 'bio': 'created the author'}",{'name': 'english6'},{'name': 'fiction1'},"{'name': 'skyward486', 'address': 'Bangalore486'}",20,486,4860,created for reading
english487,"{'name': 'sky487', 'bio': 'created the author'}",{'name': 'english7'},{'name': 'fiction2'},"{'name': 'skyward487', 'address': 'Bangalore487'}",20,487,4870,created for reading
english488,"{'name': 'sky488', 'bio': 'created the author'}",{'name': 'english8'},{'name': 'fiction3'},"{'name': 'skyward488', 'address': 'Bangalore488'}",20,488,4880,created for reading
english489,"{'name': 'sky489', 'bio': 'created the author'}",{'name': 'english9'},{'name': 'fiction4'},"{'name': 'skyward489', 'address': 'Bangalore489'}",20,489,4890,created for reading
english490,"{'name': 'sky490', 'bio': 'created the author'}",{'name': 'english0'},{'name': 'fiction0'},"{'name': 'skyward490', 'address': 'Bangalore490'}",20,490,4900,created for reading
english491,"{'name': 'sky491', 'bio': 'created the author'}",{'name': 'english1'},{'name': 'fiction1'},"{'name': 'skyward491', 'address': 'Bangalore491'}",20,491,4910,created for reading
english492,"{'name': 'sky492', 'bio': 'created the author'}",{'name': 'english2'},{'name': 'fiction2'},"{'name': 'skyward492', 'address': 'Bangalore492'}",20,492,4920,created for reading
english493,"{'name': 'sky493', 'bio': 'created the author'}",{'name': 'english3'},{'name': 'fiction3'},"{'name': 'skyward493', 'address': 'Bangalore493'}",20,493,4930,created for reading
english494,"{'name': 'sky494', 'bio': 'created the author'}",{'name': 'english4'},{'name': 'fiction4'},"{'name': 'skyward494', 'address': 'Bangalore494'}",20,494,4940,created for reading
english495,"{'name': 'sky495', 'bio': 'created the author'}",{'name': 'english5'},{'name': 'fiction0'},"{'name': 'skyward495', 'address': 'Bangalore495'}",20,495,4950,created for reading
english496,"{'name': 'sky496', 'bio': 'created the author'}",{'name': 'english6'},{'name': 'fiction1'},"{'name': 'skyward496', 'address': 'Bangalore496'}",20,496,4960,created for reading
english497,"{'name': 'sky497', 'bio': 'created the author'}",{'name': 'english7'},{'name': 'fiction2'},"{'name': 'skyward497', 'address': 'Bangalore497'}",20,497,4970,created for reading
english498,"{'name': 'sky498', 'bio': 'created the author'}",{'name': 'english8'},{'name': 'fiction3'},"{'name': 'skyward498', 'address': 'Bangalore498'}",20,498,4980,created for reading
english499,"{'name': 'sky499', 'bio': 'created the author'}",{'name': 'english9'},{'name': 'fiction4'},"{'name': 'skyward499', 'address': 'Bangalore499'}",20,499,4990,created for reading
english500,"{'name': 'sky500', 'bio': 'created the author'}",{'name': 'english0'},{'name': 'fiction0'},"{'name': 'skyward500', 'address': 'Bangalore500'}",20,500,5000,created for reading
